Time,新聞聲量,新聞聲量_情緒比,社群主文,社群回文,社群聲量,社群聲量情緒比
2021/1/1,33,1.5,20,111,164,1.13
2021/1/2,28,4.5,17,177,222,1.43
2021/1/3,37,0.6,44,354,435,1.26
2021/1/4,155,3.86,62,589,806,0.94
2021/1/5,103,1.94,46,299,448,1.28
2021/1/6,112,2.38,42,314,468,1.82
2021/1/7,79,5,34,349,462,1.19
2021/1/8,93,27,53,365,511,2
2021/1/9,54,3.57,37,403,494,1.22
2021/1/10,22,10,19,454,495,0.61
2021/1/11,102,3.25,56,313,471,1.07
2021/1/12,113,6.17,49,322,484,1.45
2021/1/13,76,0.85,37,271,384,1.69
2021/1/14,76,1.82,35,498,609,1.37
2021/1/15,33,1.71,33,324,390,0.84
2021/1/16,18,0.67,16,168,202,1
2021/1/17,24,0.64,12,243,279,0.88
2021/1/18,53,1.78,32,234,319,2.16
2021/1/19,21,0.71,20,149,190,3
2021/1/20,48,2.5,29,132,209,1.94
2021/1/21,82,1.22,20,162,264,4.18
2021/1/22,94,1.31,41,334,469,1.36
2021/1/23,14,1,22,134,170,0.88
2021/1/24,3,1,13,142,158,3.91
2021/1/25,57,2.6,22,71,150,5.67
2021/1/26,62,2.75,14,97,173,0.88
2021/1/27,39,2.25,20,109,168,1.06
2021/1/28,49,1.13,13,63,125,1.2
2021/1/29,55,2.2,30,210,295,3.55
2021/1/30,31,2.83,30,195,256,1.14
2021/1/31,25,1.5,13,82,120,1.5
2021/2/1,38,3.5,18,79,135,4.29
2021/2/2,50,5.25,25,129,204,9
2021/2/3,48,2,18,104,170,1.69
2021/2/4,37,1,21,126,184,7.25
2021/2/5,19,1,21,78,118,4
2021/2/6,37,0.67,19,126,182,2.77
2021/2/7,18,2,15,120,153,4.29
2021/2/8,86,8.2,42,372,500,2.23
2021/2/9,213,2.38,116,1735,2064,1.32
2021/2/10,77,3.08,50,409,536,2.49
2021/2/11,52,3.67,29,322,403,2.38
2021/2/12,29,12,37,390,456,1.05
2021/2/13,33,1.25,39,424,496,1.19
2021/2/14,55,0.55,19,324,398,1.15
2021/2/15,44,3.14,33,239,316,0.88
2021/2/16,48,0.93,42,255,345,1.21
2021/2/17,230,12.44,94,341,665,1.26
2021/2/18,217,2.77,79,274,570,1.51
2021/2/19,178,7.17,73,474,725,1.71
2021/2/20,156,5.91,71,699,926,1.36
2021/2/21,79,1.5,53,642,774,1.46
2021/2/22,252,4.5,83,947,1282,0.74
2021/2/23,237,3.33,102,708,1047,0.77
2021/2/24,282,4.63,88,509,879,1.24
2021/2/25,140,2.3,53,923,1116,1.07
2021/2/26,119,3.64,36,683,838,0.96
2021/2/27,58,1.6,36,454,548,2.59
2021/2/28,34,0.91,32,504,570,2.08
2021/3/1,59,0.3,29,357,445,0.96
2021/3/2,58,3.5,37,321,416,1.56
2021/3/3,78,0.62,53,624,755,0.98
2021/3/4,78,1.11,42,561,681,1.25
2021/3/5,59,0.69,32,177,268,1.71
2021/3/6,30,2,38,263,331,0.96
2021/3/7,28,1.6,30,271,329,1.5
2021/3/8,83,4.57,30,217,330,2
2021/3/9,113,4.71,38,611,762,0.95
2021/3/10,88,1.38,35,373,496,1.17
2021/3/11,51,1.22,35,466,552,1.44
2021/3/12,61,1.08,31,511,603,1.55
2021/3/13,101,0.75,49,679,829,0.94
2021/3/14,51,0.52,63,802,916,0.91
2021/3/15,151,2.47,55,841,1047,0.75
2021/3/16,134,2.92,41,983,1158,1.29
2021/3/17,91,2.18,35,552,678,6.43
2021/3/18,111,5.8,38,291,440,2.68
2021/3/19,99,1.94,25,269,393,2.18
2021/3/20,26,2.2,32,168,226,1.58
2021/3/21,22,2.33,30,270,322,1.38
2021/3/22,55,1.17,18,236,309,1.22
2021/3/23,112,10,24,215,351,1.92
2021/3/24,132,2.5,32,360,524,1.69
2021/3/25,109,2.82,39,269,417,1.93
2021/3/26,62,1.29,25,331,418,0.94
2021/3/27,40,3,11,257,308,2.77
2021/3/28,35,1.13,15,269,319,1.78
2021/3/29,67,1.87,31,414,512,1.68
2021/3/30,60,2.88,26,307,393,3.61
2021/3/31,113,4,23,207,343,1.2
2021/4/1,71,4,27,576,674,1.71
2021/4/2,31,8,19,163,213,2.12
2021/4/3,19,9,12,143,174,2.75
2021/4/4,17,3,9,125,151,2.78
2021/4/5,25,3,12,155,192,3.63
2021/4/6,95,1.27,30,226,351,2.16
2021/4/7,84,4.5,29,457,570,1.09
2021/4/8,137,3.69,28,245,410,1.16
2021/4/9,91,2.5,28,174,293,1.76
2021/4/10,42,2.33,20,221,283,1.31
2021/4/11,37,5.5,7,258,302,0.64
2021/4/12,100,1.61,14,160,274,1.57
2021/4/13,115,3.79,23,239,377,1.51
2021/4/14,165,4.64,42,417,624,1.38
2021/4/15,163,6.57,31,213,407,1.26
2021/4/16,73,3.63,20,214,307,1.7
2021/4/17,40,7.33,11,198,249,1.1
2021/4/18,64,0.75,15,735,814,0.63
2021/4/19,192,1.81,50,722,964,1.19
2021/4/20,168,4.8,27,849,1044,0.99
2021/4/21,102,2,26,755,883,0.84
2021/4/22,107,3.14,19,342,468,0.85
2021/4/23,141,5,28,473,642,0.87
2021/4/24,70,0.75,17,721,808,0.98
2021/4/25,40,1,9,404,453,0.78
2021/4/26,100,3,17,273,390,1.74
2021/4/27,150,3.17,32,389,571,1.42
2021/4/28,106,3.89,22,265,393,1.33
2021/4/29,93,1.67,25,115,233,2
2021/4/30,24,4,11,64,99,2
2021/5/1,23,0.25,20,158,201,4.3
2021/5/2,44,6,7,166,217,0.42
2021/5/3,105,1.09,26,167,298,1.56
2021/5/4,72,9.67,23,162,257,2.44
2021/5/5,84,5.43,20,120,224,2.38
2021/5/6,87,8.25,16,428,531,1.94
2021/5/7,96,4.78,21,207,324,2.22
2021/5/8,43,4.5,16,137,196,2.33
2021/5/9,57,9,9,206,272,1.27
2021/5/10,109,4.89,13,504,626,2.1
2021/5/11,110,4.44,16,347,473,2.74
2021/5/12,101,7.2,17,239,357,1.78
2021/5/13,202,1.39,36,1634,1872,1.11
2021/5/14,199,1.06,25,733,957,1.01
2021/5/15,42,1.24,11,378,431,1.7
2021/5/16,36,2.29,9,250,295,1.37
2021/5/17,130,2.07,18,732,880,1.3
2021/5/18,169,2.05,15,450,634,1.04
2021/5/19,246,0.63,127,1232,1605,0.85
2021/5/20,548,0.8,68,1456,2072,1.32
2021/5/21,254,1.87,22,741,1017,0.75
2021/5/22,96,0.7,14,389,499,0.59
2021/5/23,57,1.7,16,464,537,0.63
2021/5/24,251,2.03,26,262,539,1.24
2021/5/25,262,3.19,40,285,587,1.55
2021/5/26,158,1.34,18,285,461,1.71
2021/5/27,100,3.5,18,278,396,1.18
2021/5/28,34,1.75,16,168,218,1.81
2021/5/29,46,0.55,15,353,414,0.97
2021/5/30,45,1.67,9,298,352,1
2021/5/31,55,4.75,14,431,500,0.71
2021/6/1,64,17,14,267,345,0.97
2021/6/2,87,3.1,16,128,231,3.82
2021/6/3,41,4.25,14,69,124,4
2021/6/4,59,1.73,16,186,261,1.07
2021/6/5,39,1.88,20,202,261,1.59
2021/6/6,28,1.5,13,175,216,1.59
2021/6/7,107,5.14,19,166,292,1.3
2021/6/8,158,1.24,14,345,517,2.66
2021/6/9,206,1.81,25,381,612,1.49
2021/6/10,184,1.07,25,186,395,2.37
2021/6/11,96,0.55,14,119,229,1.15
2021/6/12,14,0.43,6,111,131,1.58
2021/6/13,30,1.8,5,102,137,1.28
2021/6/14,77,6,11,395,483,1.2
2021/6/15,150,3.86,27,292,469,2.34
2021/6/16,88,2.9,16,186,290,1.21
2021/6/17,72,1.15,13,102,187,2.25
2021/6/18,49,2,21,118,188,4.17
2021/6/19,28,0.23,11,334,373,1.26
2021/6/20,20,0.4,13,353,386,1.1
2021/6/21,130,0.75,11,407,548,0.93
2021/6/22,225,0.74,27,974,1226,0.66
2021/6/23,184,0.81,38,416,638,0.8
2021/6/24,114,0.93,28,184,326,1.47
2021/6/25,74,0.74,16,222,312,1.22
2021/6/26,33,2.83,12,304,349,1.37
2021/6/27,59,4,10,155,224,0.9
2021/6/28,123,1,20,236,379,1.03
2021/6/29,132,2.33,22,195,349,1.35
2021/6/30,59,0.37,23,392,474,0.76
2021/7/1,84,5.2,16,300,400,1.18
2021/7/2,76,4,15,184,275,1.16
2021/7/3,50,0.92,19,122,191,3.88
2021/7/4,46,3,13,165,224,2.31
2021/7/5,47,3.5,9,160,216,3.27
2021/7/6,100,0.56,24,95,219,1.11
2021/7/7,80,2.67,21,159,260,3.88
2021/7/8,44,1.33,32,225,301,2.39
2021/7/9,79,3.75,22,90,191,1.6
2021/7/10,75,0.61,25,148,248,1.44
2021/7/11,37,0.33,16,278,331,1.42
2021/7/12,67,2.56,22,175,264,1.85
2021/7/13,74,2.44,23,226,323,2.12
2021/7/14,58,1.78,20,262,340,1.81
2021/7/15,53,1.1,29,330,412,3.75
2021/7/16,46,4,32,171,249,3.69
2021/7/17,8,0.67,16,132,156,1.91
2021/7/18,7,0.25,13,157,177,0.73
2021/7/19,56,5,26,270,352,1.88
2021/7/20,79,8,30,385,494,3.76
2021/7/21,108,7,27,447,582,2.31
2021/7/22,140,3,70,509,719,2.04
2021/7/23,95,1.59,27,281,403,2.26
2021/7/24,41,1.09,29,453,523,13.78
2021/7/25,22,1.25,16,286,324,3.19
2021/7/26,121,3.8,36,506,663,3.3
2021/7/27,184,4.46,32,400,616,3.75
2021/7/28,67,1.53,16,302,385,9.31
2021/7/29,74,2.86,23,167,264,3.15
2021/7/30,33,3,17,198,248,2.77
2021/7/31,18,0.78,15,204,237,2.92
2021/8/1,22,1.25,8,220,250,2.67
2021/8/2,58,4.17,21,254,333,4.13
2021/8/3,60,4.8,24,166,250,1.89
2021/8/4,47,1.71,16,169,232,5.83
2021/8/5,69,4,19,173,261,2.58
2021/8/6,39,12.5,16,100,155,3.86
2021/8/7,12,5,14,350,376,16.89
2021/8/8,16,4.5,14,294,324,7.55
2021/8/9,55,5.5,28,145,228,2.53
2021/8/10,89,5,18,283,390,7
2021/8/11,61,3.14,24,153,238,5.5
2021/8/12,79,0.94,22,252,353,3.07
2021/8/13,40,2.17,25,257,322,2.55
2021/8/14,10,5,15,220,245,3.71
2021/8/15,27,0.36,16,154,197,2.38
2021/8/16,42,1.42,19,114,175,4.14
2021/8/17,70,1.92,21,214,305,2.75
2021/8/18,38,3.8,21,202,261,2.47
2021/8/19,59,2,59,212,330,2.95
2021/8/20,34,0.7,24,449,507,3.29
2021/8/21,25,0.75,19,308,352,2.04
2021/8/22,21,1.4,24,253,298,14.33
2021/8/23,154,5.77,27,405,586,6.73
2021/8/24,110,3.42,28,248,386,6.92
2021/8/25,54,3.5,17,195,266,4.2
2021/8/26,48,2.17,28,196,272,5.42
2021/8/27,30,0.5,18,188,236,5.7
2021/8/28,15,0.25,17,193,225,4.8
2021/8/29,35,0.88,17,293,345,4.42
2021/8/30,26,2,20,120,166,8.2
2021/8/31,31,1.86,18,247,296,3.17
2021/9/1,23,2.8,24,159,206,5
2021/9/2,37,0.47,24,249,310,4
2021/9/3,97,0.7,29,308,434,4.5
2021/9/4,25,2,13,200,238,3.1
2021/9/5,25,3.67,14,237,276,3.67
2021/9/6,59,1.28,19,258,336,6
2021/9/7,113,1.33,35,347,495,2.67
2021/9/8,159,1.9,54,603,816,1.88
2021/9/9,102,0.92,30,545,677,4.33
2021/9/10,52,1.89,26,315,393,3.73
2021/9/11,40,0.9,15,221,276,3.63
2021/9/12,21,7.5,18,179,218,2.81
2021/9/13,75,1.08,45,197,317,3.78
2021/9/14,69,1.42,24,311,404,3.74
2021/9/15,52,0.41,21,285,358,4.75
2021/9/16,62,0.78,28,229,319,2.26
2021/9/17,51,1.26,17,181,249,7.3
2021/9/18,14,0.88,12,151,177,2.84
2021/9/19,9,5,16,100,125,3.88
2021/9/20,29,2.33,29,132,190,3.82
2021/9/21,55,5.33,10,232,297,5.4
2021/9/22,46,2.33,14,297,357,1.68
2021/9/23,71,1.44,35,372,478,2.69
2021/9/24,86,1.26,25,223,334,2.86
2021/9/25,77,0.48,24,599,700,1.9
2021/9/26,28,0.9,22,432,482,1.47
2021/9/27,79,1.06,40,311,430,1.9
2021/9/28,63,5.17,28,1695,1786,13.62
2021/9/29,66,0.5,19,456,541,2.41
2021/9/30,55,2.4,18,227,300,9.17
2021/10/1,29,0.6,18,329,376,2.82
2021/10/2,30,2.25,25,266,321,4.07
2021/10/3,31,1,13,148,192,3.3
2021/10/4,46,1,25,128,199,4.5
2021/10/5,63,1,23,223,309,3.88
2021/10/6,92,1.64,32,330,454,4.28
2021/10/7,117,53,31,461,609,3.27
2021/10/8,57,7.33,28,255,340,3.21
2021/10/9,31,2.75,19,194,244,4.67
2021/10/10,41,1.11,30,165,236,5.38
2021/10/11,27,5.33,21,318,366,4
2021/10/12,134,2.67,37,319,490,5.19
2021/10/13,54,4.6,48,317,419,5.4
2021/10/14,60,1.06,27,270,357,2.4
2021/10/15,110,3.86,29,578,717,5.67
2021/10/16,61,11,23,655,739,4.24
2021/10/17,69,1.08,21,500,590,2.35
2021/10/18,200,6.67,45,563,808,1.82
2021/10/19,149,5.43,41,275,465,3.11
2021/10/20,139,24.5,50,479,668,2.86
2021/10/21,258,6,56,806,1120,2.78
2021/10/22,91,4.5,41,473,605,4.25
2021/10/23,10,2.33,25,406,441,2.63
2021/10/24,45,1.1,18,142,205,8.4
2021/10/25,94,4,43,183,320,5
2021/10/26,79,4.5,37,199,315,3.16
2021/10/27,97,5.86,35,245,377,2.83
2021/10/28,64,6.67,18,174,256,3.82
2021/10/29,91,5.56,29,149,269,4.33
2021/10/30,30,6.5,31,177,238,6.6
2021/10/31,58,2.5,79,497,634,2.74
2021/11/1,100,1.33,119,727,946,4.49
2021/11/2,115,1.88,129,635,879,3.64
2021/11/3,60,3.67,101,573,734,6.08
2021/11/4,110,7.83,122,606,838,3.92
2021/11/5,74,1.5,119,832,1025,6
2021/11/6,12,0.25,74,501,587,3.26
2021/11/7,14,2.5,59,525,598,5.53
2021/11/8,76,17.5,127,895,1098,5.4
2021/11/9,199,6.64,179,1153,1531,6.33
2021/11/10,115,9,137,817,1069,7.98
2021/11/11,121,2.41,135,751,1007,3.14
2021/11/12,133,8.13,145,733,1011,5.6
2021/11/13,65,3,86,767,918,3.88
2021/11/14,80,1.28,73,496,649,6
2021/11/15,143,2.25,153,552,848,5.77
2021/11/16,143,1.33,135,1543,1821,2.93
2021/11/17,103,4.13,162,1067,1332,4.24
2021/11/18,97,5.13,113,882,1092,4.76
2021/11/19,68,4.57,124,874,1066,3.06
2021/11/20,31,1.8,72,2625,2728,0.97
2021/11/21,57,5.67,86,557,700,2.6
2021/11/22,68,2.82,134,519,721,5.44
2021/11/23,94,4.57,131,831,1056,6.17
2021/11/24,99,2.13,122,538,759,3.61
2021/11/25,55,2.86,114,820,989,4.98
2021/11/26,99,4,132,848,1079,3.88
2021/11/27,66,4,100,708,874,5.89
2021/11/28,26,4.5,73,467,566,3.07
2021/11/29,69,4,127,776,972,4.44
2021/11/30,106,6.5,126,710,942,4.42
2021/12/1,63,4.25,120,560,743,4.46
2021/12/2,121,13,113,410,644,4.96
2021/12/3,71,4.14,124,380,575,4
2021/12/4,44,7,123,3458,3625,1.74
2021/12/5,68,1.2,123,1612,1803,3.24
2021/12/6,153,3.3,131,990,1274,2.2
2021/12/7,103,6.83,138,934,1175,3.77
2021/12/8,100,3.25,130,586,816,3.61
2021/12/9,70,4.8,157,635,862,4.83
2021/12/10,95,12.33,139,606,840,5.06
2021/12/11,36,4.25,100,402,538,3.29
2021/12/12,45,2,82,932,1059,1.5
2021/12/13,108,3.5,124,503,735,3.58
2021/12/14,106,2.2,168,1735,2009,3.08
2021/12/15,137,2,151,995,1283,3.56
2021/12/16,122,2.73,142,612,876,8.28
2021/12/17,76,3.63,128,557,761,5.65
2021/12/18,40,2.5,89,558,687,10
2021/12/19,33,1.4,71,410,514,3.91
2021/12/20,43,1.5,110,1020,1173,3.82
2021/12/21,94,2.21,138,892,1124,5.89
2021/12/22,104,3.08,137,592,833,4.84
2021/12/23,129,1.4,128,831,1088,4.57
2021/12/24,120,5,127,1429,1676,4.5
2021/12/25,35,2.5,97,999,1131,8.31
2021/12/26,43,1.13,59,767,869,11.91
2021/12/27,145,2.57,96,752,993,5.39
2021/12/28,80,1.36,122,476,678,4.53
2021/12/29,98,2.86,155,445,698,5.43
2021/12/30,81,6.8,114,689,884,4
2021/12/31,45,23,115,565,725,10.84
2022/1/1,35,1.67,76,607,718,4.41
2022/1/2,29,3.75,69,308,406,6.73
2022/1/3,76,5.8,97,275,448,5.05
2022/1/4,55,3.75,106,455,616,6.19
2022/1/5,75,13,138,621,834,6.53
2022/1/6,203,1.07,174,766,1143,3.87
2022/1/7,140,4.8,142,1013,1295,2.23
2022/1/8,90,2.42,102,658,850,5.08
2022/1/9,32,4,88,742,862,2.62
2022/1/10,98,6.33,150,550,798,4.3
2022/1/11,157,6.29,139,1023,1319,2.92
2022/1/12,83,4.6,120,887,1090,3.97
2022/1/13,119,2.46,136,515,770,10.44
2022/1/14,97,5.67,130,543,770,6.57
2022/1/15,33,10,87,383,503,7.94
2022/1/16,32,2.67,71,615,718,2.63
2022/1/17,89,3.36,122,447,658,2.96
2022/1/18,155,2.7,131,695,981,7.16
2022/1/19,125,6.17,127,452,704,7.19
2022/1/20,67,3.08,111,474,652,4
2022/1/21,173,1.38,147,886,1206,5.14
2022/1/22,161,2.13,162,1337,1660,2.81
2022/1/23,53,1.79,79,1647,1779,1.82
2022/1/24,148,4.08,172,918,1238,2.72
2022/1/25,109,4.38,140,945,1194,2.95
2022/1/26,133,1.8,135,855,1123,3.79
2022/1/27,119,2.1,128,699,946,5.75
2022/1/28,70,3.29,119,557,746,5.16
2022/1/29,20,0.5,86,462,568,10.24
2022/1/30,20,3.67,73,464,557,4.36
2022/1/31,20,2.5,79,370,469,9.24
2022/2/1,20,5,79,311,410,7.35
2022/2/2,20,9,63,242,325,4.73
2022/2/3,18,2,84,410,512,2.64
2022/2/4,9,3,77,560,646,2.31
2022/2/5,17,3.5,95,749,861,4.64
2022/2/6,18,2.33,53,432,503,3.57
2022/2/7,79,4.71,128,1038,1245,4.05
2022/2/8,247,6.86,159,651,1057,4.55
2022/2/9,177,0.82,152,627,956,2.89
2022/2/10,69,1.29,133,516,718,2.92
2022/2/11,42,4.2,104,702,848,8.33
2022/2/12,40,0.88,102,734,876,3.25
2022/2/13,27,0.75,84,261,372,3.71
2022/2/14,79,1.5,128,389,596,7.18
2022/2/15,93,1.27,136,740,969,5.72
2022/2/16,99,1.13,152,636,887,4.46
2022/2/17,89,2.33,149,503,741,5.63
2022/2/18,118,3.25,148,1321,1587,2.69
2022/2/19,39,0.45,104,489,632,4.18
2022/2/20,36,1.08,87,386,509,6.17
2022/2/21,75,6.6,138,782,995,5.6
2022/2/22,93,3.67,162,764,1019,4.4
2022/2/23,173,8,151,436,760,4.77
2022/2/24,185,4.44,178,1465,1828,4.3
2022/2/25,149,1.33,186,652,987,5.07
2022/2/26,63,2.57,108,589,760,4.08
2022/2/27,59,1.77,100,815,974,6.85
2022/2/28,66,2.13,126,742,934,2.48
2022/3/1,184,1.43,184,834,1202,4.29
2022/3/2,116,2.36,175,714,1005,6.66
2022/3/3,95,1.11,147,422,664,3.83
2022/3/4,148,3.75,152,607,907,4.98
2022/3/5,63,4.57,106,465,634,4.81
2022/3/6,37,0.9,84,505,626,4.71
2022/3/7,97,2.45,156,457,710,6.88
2022/3/8,75,2.8,177,466,718,7.23
2022/3/9,117,2.53,177,501,795,5.91
2022/3/10,182,4.46,170,424,776,6.74
2022/3/11,87,4.67,152,274,513,5.14
2022/3/12,41,3.67,96,448,585,3.82
2022/3/13,44,3,77,425,546,2.79
2022/3/14,64,3.25,154,634,852,3.82
2022/3/15,118,4.07,164,335,617,6.73
2022/3/16,42,2.67,148,368,558,6.1
2022/3/17,60,2.5,150,477,687,9.04
2022/3/18,73,7,178,406,657,8.71
2022/3/19,20,6.5,99,912,1031,1.89
2022/3/20,31,2.67,81,286,398,4.31
2022/3/21,66,7.33,159,520,745,8.52
2022/3/22,97,3.5,184,558,839,7.76
2022/3/23,62,5.25,160,454,676,6.59
2022/3/24,57,1.67,179,344,580,5.48
2022/3/25,114,3.08,192,818,1124,6.02
2022/3/26,31,2,104,528,663,7.87
2022/3/27,52,2.29,82,274,408,4.25
2022/3/28,112,4.4,185,579,876,7.53
2022/3/29,135,4.83,193,610,938,6.91
2022/3/30,89,3.33,168,402,659,2.6
2022/3/31,82,3.88,173,595,850,6.41
2022/4/1,61,0.73,165,671,897,5.22
2022/4/2,78,0.79,112,468,658,9.87
2022/4/3,23,0.67,96,606,725,5.03
2022/4/4,29,3,132,459,620,8.39
2022/4/5,43,4.2,122,323,488,7.58
2022/4/6,120,1.89,189,589,898,6.38
2022/4/7,107,0.9,197,426,730,8.19
2022/4/8,114,24,226,526,866,9.22
2022/4/9,40,7.5,125,350,515,10.12
2022/4/10,38,2.75,95,233,366,10.25
2022/4/11,101,5.1,172,440,713,6.48
2022/4/12,94,2.62,197,542,833,4.79
2022/4/13,96,1,168,449,713,6.63
2022/4/14,93,1.27,184,508,785,7.38
2022/4/15,140,1.05,170,351,661,10.69
2022/4/16,38,1.33,105,257,400,4.74
2022/4/17,10,3.5,102,215,327,7.07
2022/4/18,73,1.43,183,593,849,3.91
2022/4/19,56,3.43,177,576,809,5.66
2022/4/20,60,2.83,182,333,575,7.2
2022/4/21,84,5.83,170,352,606,11.4
2022/4/22,69,3.86,154,533,756,9.18
2022/4/23,24,4.5,121,458,603,4.14
2022/4/24,36,2.83,104,283,423,2.52
2022/4/25,69,4.6,189,356,614,7.6
2022/4/26,114,5,169,454,737,8.73
2022/4/27,108,6.83,197,539,844,5.38
2022/4/28,109,3.46,230,429,768,10.25
2022/4/29,66,2.57,189,634,889,6.19
2022/4/30,30,2.2,120,424,574,6.6
2022/5/1,91,2.14,140,407,638,4.79
2022/5/2,96,2.83,120,495,711,4.7
2022/5/3,91,1.44,166,614,871,3.97
2022/5/4,59,3.22,169,331,559,6.62
2022/5/5,122,7.33,250,665,1037,5.09
2022/5/6,159,5.15,228,883,1270,5.24
2022/5/7,46,11,154,717,917,4.57
2022/5/8,55,14,98,280,433,5
2022/5/9,110,11,172,603,885,4.46
2022/5/10,161,3.88,243,728,1132,4.39
2022/5/11,133,4.8,254,965,1352,3.94
2022/5/12,170,3.64,264,1308,1742,3.08
2022/5/13,182,15,272,798,1252,3
2022/5/14,58,1.36,143,554,755,7.21
2022/5/15,42,2.29,101,491,634,4.88
2022/5/16,84,1.78,205,483,772,9.32
2022/5/17,104,2.64,188,538,830,4.47
2022/5/18,89,4.5,214,428,731,3.51
2022/5/19,170,1.59,220,534,924,5.74
2022/5/20,83,2.11,213,589,885,4.34
2022/5/21,39,1.67,159,723,921,3.28
2022/5/22,29,1.75,132,627,788,4.4
2022/5/23,52,2.25,232,582,866,6.34
2022/5/24,54,1.4,213,468,735,6.65
2022/5/25,79,6.75,211,536,826,4.32
2022/5/26,93,4.5,213,642,948,3.09
2022/5/27,64,7,209,660,933,1.84
2022/5/28,24,3.67,173,474,671,2.68
2022/5/29,36,0.5,91,397,524,2.91
2022/5/30,72,2.22,178,445,695,5.17
2022/5/31,54,1.25,195,749,998,7.85
2022/6/1,46,4.67,202,628,876,7.71
2022/6/2,65,2.13,197,722,984,5.8
2022/6/3,28,2.67,122,385,535,5.65
2022/6/4,38,6.5,82,308,428,9.16
2022/6/5,14,0.75,93,319,426,7.26
2022/6/6,121,2.4,207,341,669,4.61
2022/6/7,73,3,176,711,960,4.32
2022/6/8,70,0.67,177,371,618,5.71
2022/6/9,65,2.88,168,401,634,5.88
2022/6/10,91,2.43,196,1419,1706,2.46
2022/6/11,36,2.67,118,582,736,2.19
2022/6/12,31,0.33,125,1403,1559,2.69
2022/6/13,163,0.46,261,1004,1428,1.75
2022/6/14,412,0.29,338,1682,2432,1.06
2022/6/15,198,0.44,265,1354,1817,1.56
2022/6/16,180,0.73,282,1211,1673,2.01
2022/6/17,93,0.64,243,1162,1498,1.41
2022/6/18,116,0.11,254,2668,3038,1.09
2022/6/19,179,0.33,187,2752,3118,0.72
2022/6/20,254,0.35,321,2729,3304,0.96
2022/6/21,181,0.44,305,2385,2871,1.26
2022/6/22,143,0.9,301,1357,1801,1.59
2022/6/23,142,1.67,259,1351,1752,1.56
2022/6/24,154,1.53,263,1435,1852,1.95
2022/6/25,30,2.2,151,744,925,1.42
2022/6/26,35,1.2,141,711,887,2.22
2022/6/27,75,3,214,587,876,2.79
2022/6/28,113,1.13,244,1200,1557,2.3
2022/6/29,121,1,288,1204,1613,1.67
2022/6/30,113,2,276,905,1294,1.53
2022/7/1,180,0.52,279,1129,1588,1.57
2022/7/2,50,0.35,160,921,1131,1.44
2022/7/3,65,0.33,139,604,808,1.45
2022/7/4,116,0.22,319,855,1290,2.74
2022/7/5,123,0.44,302,738,1163,2.95
2022/7/6,166,0.78,359,1025,1550,3.23
2022/7/7,98,1.82,293,1499,1890,1.41
2022/7/8,100,0.55,309,1570,1979,1.76
2022/7/9,31,0.71,192,655,878,2.99
2022/7/10,38,2.5,113,534,685,2
2022/7/11,96,1.69,244,927,1267,3.41
2022/7/12,74,1.09,226,890,1190,5.32
2022/7/13,101,1.92,293,832,1226,4.4
2022/7/14,85,1.33,281,623,989,6.02
2022/7/15,109,0.63,236,722,1067,6.93
2022/7/16,32,3.33,147,848,1027,6.77
2022/7/17,32,3.5,157,679,868,3.35
2022/7/18,73,11,308,1067,1448,3.13
2022/7/19,184,2.29,284,699,1167,7
2022/7/20,149,5.83,287,1502,1938,4.61
2022/7/21,300,0.33,305,1530,2135,1.66
2022/7/22,130,0.73,269,1016,1415,2.09
2022/7/23,65,0.5,187,764,1016,4.18
2022/7/24,19,1,128,7951,8098,2.4
2022/7/25,67,3.6,248,856,1171,2.63
2022/7/26,104,2,248,739,1091,3.82
2022/7/27,66,1.67,237,597,900,4.23
2022/7/28,45,1,256,879,1180,5.97
2022/7/29,64,6,239,960,1263,5.89
2022/7/30,18,2,148,890,1056,7.71
2022/7/31,40,4,131,614,785,3.03
2022/8/1,75,1.83,254,1107,1436,8.98
2022/8/2,45,0.78,237,903,1185,6.3
2022/8/3,71,5.25,247,945,1263,6.59
2022/8/4,57,2.14,233,685,975,8.4
2022/8/5,95,1.2,238,823,1156,7.5
2022/8/6,15,1,145,640,800,12.92
2022/8/7,18,5,101,438,557,11.5
2022/8/8,45,4,262,883,1190,13.25
2022/8/9,65,1.56,215,840,1120,9.55
2022/8/10,72,1,217,924,1213,9.83
2022/8/11,68,2.83,226,1058,1352,11.61
2022/8/12,57,2.57,214,643,914,14.27
2022/8/13,19,1.5,123,812,954,9.8
2022/8/14,28,1.2,109,347,484,5.49
2022/8/15,53,11,231,876,1160,10.42
2022/8/16,51,5,219,776,1046,12.93
2022/8/17,42,1.14,236,835,1113,7.33
2022/8/18,42,10,201,969,1212,13.28
2022/8/19,80,3.75,208,568,856,11.97
2022/8/20,23,0.83,128,887,1038,12.85
2022/8/21,39,1.2,106,446,591,10
2022/8/22,78,0.37,219,1021,1318,9.76
2022/8/23,62,0.43,217,1002,1281,4.71
2022/8/24,47,8,201,983,1231,8.1
2022/8/25,34,3.5,198,1055,1287,10.45
2022/8/26,48,3,205,972,1225,9.47
2022/8/27,34,0.75,140,877,1051,12.83
2022/8/28,33,0.57,107,475,615,14.32
2022/8/29,112,3.64,217,1309,1638,9.43
2022/8/30,39,1.5,200,971,1210,16.98
2022/8/31,47,5.5,227,1094,1368,6.56
2022/9/1,23,1.5,206,1188,1417,5.33
2022/9/2,51,1.83,201,1237,1489,13.43
2022/9/3,14,3,127,787,928,14.1
2022/9/4,15,3,106,370,491,7.74
2022/9/5,41,10,219,602,862,12.66
2022/9/6,50,3.25,189,1125,1364,18.45
2022/9/7,63,0.56,249,1131,1443,7.89
2022/9/8,79,1.83,207,827,1113,10.83
2022/9/9,36,7,169,673,878,17.93
2022/9/10,29,1,117,429,575,10.52
2022/9/11,37,0.71,93,479,609,3.44
2022/9/12,66,3.67,159,537,762,4.41
2022/9/13,63,12,191,605,859,8.12
2022/9/14,80,1.63,219,1045,1344,6.54
2022/9/15,75,1.05,196,1107,1378,14
2022/9/16,64,11,187,874,1125,10.4
2022/9/17,50,0.71,102,677,829,12.26
2022/9/18,12,4,85,677,774,6.5
2022/9/19,107,0.91,220,1352,1679,6.31
2022/9/20,93,0.31,197,1086,1376,10.36
2022/9/21,90,1.64,200,836,1126,8.83
2022/9/22,67,4,201,1092,1360,6.89
2022/9/23,49,2.17,177,961,1187,5.01
2022/9/24,24,0.89,136,962,1122,6.53
2022/9/25,38,0.34,96,683,817,5.19
2022/9/26,51,4.25,196,1034,1281,7.51
2022/9/27,89,6.8,163,951,1203,3.28
2022/9/28,57,8,199,883,1139,3.57
2022/9/29,43,10,187,700,930,4.43
2022/9/30,43,2.5,150,526,719,3.24
2022/10/1,4,1,88,296,388,11.45
2022/10/2,15,1.33,71,170,256,7
2022/10/3,100,0.87,147,410,657,1.81
2022/10/4,30,2.2,126,588,744,3.03
2022/10/5,19,0.67,137,483,639,2.92
2022/10/6,37,0.93,130,456,623,6.29
2022/10/7,42,3,137,339,518,3.48
2022/10/8,39,0.33,114,477,630,3.96
2022/10/9,12,4,102,386,500,4.89
2022/10/10,26,1.67,135,379,540,4.97
2022/10/11,42,0.42,206,526,774,3.98
2022/10/12,61,8.67,168,632,861,4.02
2022/10/13,139,0.55,216,801,1156,2.46
2022/10/14,63,1.25,176,498,737,4.76
2022/10/15,9,5,115,463,587,2.9
2022/10/16,5,3,84,379,468,2.53
2022/10/17,30,1.14,177,310,517,5.11
2022/10/18,70,0.75,176,372,618,4.19
2022/10/19,123,0.83,165,237,525,5.83
2022/10/20,63,24,181,292,536,3.21
2022/10/21,28,2.75,163,298,489,4.87
2022/10/22,22,1.2,88,185,295,4.69
2022/10/23,24,1.25,88,184,296,6.6
2022/10/24,59,0.63,188,434,681,4.55
2022/10/25,93,0.41,187,285,565,3.51
2022/10/26,130,3.25,211,407,748,4.38
2022/10/27,106,3.14,177,419,702,3.64
2022/10/28,98,1.29,179,279,556,6.04
2022/10/29,42,2,117,248,407,3.8
2022/10/30,43,16,73,167,283,3.54
2022/10/31,80,6,187,256,523,4.07
2022/11/1,67,3.2,160,197,424,6
2022/11/2,88,5.5,191,355,634,5.24
2022/11/3,73,12,166,330,569,4.69
2022/11/4,75,1.25,138,420,633,3.42
2022/11/5,31,0.3,112,654,797,1.36
2022/11/6,16,1.17,69,285,370,2.07
2022/11/7,86,2.29,157,312,555,2.71
2022/11/8,159,1.73,170,623,952,2.7
2022/11/9,224,1.44,202,796,1222,1.58
2022/11/10,322,0.42,230,1176,1728,2.54
2022/11/11,111,0.44,186,580,877,2.28
2022/11/12,69,0.8,111,301,481,1.85
2022/11/13,42,0.17,83,207,332,3.36
2022/11/14,78,1.11,169,344,591,3.22
2022/11/15,96,0.48,172,1148,1416,1.04
2022/11/16,92,2.11,171,541,804,3.55
2022/11/17,109,0.46,191,791,1091,2.06
2022/11/18,85,2.25,140,425,650,2.55
2022/11/19,54,0.71,101,273,428,1.96
2022/11/20,21,2,78,199,298,4.22
2022/11/21,100,0.58,163,351,614,2.07
2022/11/22,119,0.2,162,1048,1329,0.92
2022/11/23,89,0.61,156,453,698,2.46
2022/11/24,191,0.85,180,442,813,1.7
2022/11/25,130,0.87,162,542,834,1.53
2022/11/26,46,3,95,589,730,2.05
2022/11/27,79,0.67,71,738,888,0.76
2022/11/28,127,1.5,141,436,704,1.57
2022/11/29,188,0.48,135,633,956,3.48
2022/11/30,166,1.57,154,427,747,3.29
2022/12/1,63,0.45,158,492,713,2.63
2022/12/2,71,2.2,154,648,873,1.92
2022/12/3,16,0.4,89,325,430,1.94
2022/12/4,30,0.78,64,146,240,3.75
2022/12/5,49,1.71,147,314,510,5.47
2022/12/6,72,1.5,160,570,802,2.29
2022/12/7,44,3.4,121,882,1047,1.97
2022/12/8,78,0.48,139,468,685,2.54
2022/12/9,39,1.8,122,335,496,3.25
2022/12/10,29,2.67,82,241,352,3.12
2022/12/11,20,10,56,155,231,2.68
2022/12/12,29,4,117,228,374,2.52
2022/12/13,83,1.6,112,316,511,3.59
2022/12/14,136,3.14,121,269,526,7.14
2022/12/15,116,12,126,383,625,2.29
2022/12/16,91,5,130,245,466,4.82
2022/12/17,257,3.89,87,250,594,3.37
2022/12/18,98,1.67,59,494,651,1.31
2022/12/19,90,2.67,108,362,560,5.65
2022/12/20,175,0.36,113,426,714,2.12
2022/12/21,126,0.59,113,402,641,3.14
2022/12/22,148,0.46,110,180,438,2.16
2022/12/23,83,0.56,132,286,501,2.7
2022/12/24,48,4.33,71,195,314,6.56
2022/12/25,63,2.5,55,531,649,2.48
2022/12/26,85,1.83,106,950,1141,1.15
2022/12/27,90,5,95,785,970,2.19
2022/12/28,111,1.43,136,529,776,3.13
2022/12/29,137,1.8,131,696,964,1.44
2022/12/30,122,2.07,130,530,782,1.39
2022/12/31,61,1.57,83,348,492,2.97
2023/1/1,45,6,59,245,349,2.62
2023/1/2,80,9,87,439,606,3.79
2023/1/3,128,3,141,411,680,3.88
2023/1/4,118,1.5,129,401,648,2.36
2023/1/5,79,2.29,112,244,435,4.7
2023/1/6,77,3.33,95,189,361,5.53
2023/1/7,70,4.75,96,305,471,4.59
2023/1/8,64,1.71,51,285,400,10.31
2023/1/9,189,9.8,121,274,584,5.28
2023/1/10,157,9,107,267,531,5.61
2023/1/11,147,0.67,90,224,461,3.5
2023/1/12,104,5.75,134,310,548,3.86
2023/1/13,110,3.33,132,488,730,5.09
2023/1/14,170,23.5,114,576,860,3.2
2023/1/15,41,9,81,666,788,2.24
2023/1/16,135,4.83,125,276,536,2.55
2023/1/17,103,3.6,121,454,678,3.13
2023/1/18,106,4.5,125,279,510,5.04
2023/1/19,241,0.93,109,237,587,4.75
2023/1/20,82,3.2,88,224,394,2.52
2023/1/21,276,8,58,280,614,5.37
2023/1/22,103,21,42,216,361,2.71
2023/1/23,126,13,39,327,492,2.03
2023/1/24,147,2.6,31,318,496,2.04
2023/1/25,158,3.17,38,209,405,3.72
2023/1/26,155,14,54,264,473,4.13
2023/1/27,137,12,64,461,662,1.5
2023/1/28,117,12.5,53,517,687,1.39
2023/1/29,70,12.5,63,255,388,3.05
2023/1/30,150,16,87,724,961,2.38
2023/1/31,214,5.8,97,300,611,5.42
2023/2/1,176,6.25,144,629,949,2.29
2023/2/2,224,7.14,152,594,970,1.9
2023/2/3,221,9,146,513,880,1.97
2023/2/4,108,4.8,82,744,934,1.26
2023/2/5,118,19,69,407,594,1.22
2023/2/6,166,4,142,725,1033,1.77
2023/2/7,217,1.8,135,438,790,3.06
2023/2/8,205,15.67,145,577,927,4.86
2023/2/9,175,5.4,117,347,639,3.47
2023/2/10,331,6.4,146,451,928,1.79
2023/2/11,118,1.78,88,315,521,5.75
2023/2/12,126,7.5,84,218,428,4.9
2023/2/13,164,9,137,542,843,2.36
2023/2/14,143,5,150,421,714,3.78
2023/2/15,145,16.5,135,544,824,6
2023/2/16,160,30,152,870,1182,2.31
2023/2/17,192,16,136,384,712,3.08
2023/2/18,177,3,94,458,729,2.69
2023/2/19,108,2.5,70,151,329,4
2023/2/20,118,13,127,390,635,9.64
2023/2/21,147,8.5,108,638,893,4.24
2023/2/22,104,19,85,284,473,4.33
2023/2/23,139,0.89,87,277,503,4.17
2023/2/24,53,0.89,64,401,518,4.32
2023/2/25,62,2.33,49,601,712,2.05
2023/2/26,77,17,43,258,378,1.47
2023/2/27,100,5.33,58,422,580,4.79
2023/2/28,84,6,76,272,432,2.49
2023/3/1,109,4,138,469,716,5.08
2023/3/2,110,6.33,131,498,739,9.64
2023/3/3,169,4,138,835,1142,2.84
2023/3/4,114,6,79,318,511,4.18
2023/3/5,84,12,79,455,618,2.94
2023/3/6,107,15,145,498,750,2.43
2023/3/7,101,6.5,130,633,864,3.59
2023/3/8,111,12.5,130,547,788,3.9
2023/3/9,151,3.2,128,553,832,3.38
2023/3/10,214,1.75,160,590,964,2.37
2023/3/11,125,2,83,435,643,4.2
2023/3/12,87,2,70,249,406,1.47
2023/3/13,205,55,159,674,1038,2.77
2023/3/14,252,8,179,1030,1461,2.33
2023/3/15,192,5.71,139,1309,1640,1.84
2023/3/16,200,7.2,153,708,1061,7.32
2023/3/17,133,5.75,133,891,1157,4.11
2023/3/18,151,1.48,87,615,853,5.32
2023/3/19,124,15.5,72,858,1054,1.97
2023/3/20,159,14.33,137,1184,1480,1.78
2023/3/21,166,4.2,142,958,1266,2.3
2023/3/22,107,9,147,804,1058,3.16
2023/3/23,106,5.67,134,551,791,6.23
2023/3/24,118,2.88,120,507,745,4.63
2023/3/25,123,5.33,86,442,651,6.2
2023/3/26,70,5,68,346,484,6.08
2023/3/27,104,2.5,162,871,1137,2.87
2023/3/28,181,0.5,163,642,986,2.14
2023/3/29,146,3.17,120,421,687,3.38
2023/3/30,116,5.2,128,407,651,3.19
2023/3/31,114,6,135,1885,2134,0.91
2023/4/1,97,4.4,90,481,668,2.2
2023/4/2,117,7,81,184,382,3.32
2023/4/3,86,5.5,126,230,442,1.89
2023/4/4,82,9,109,346,537,3.58
2023/4/5,121,3.5,102,400,623,2.94
2023/4/6,119,1.78,134,509,762,2.5
2023/4/7,81,1.63,144,501,726,4.68
2023/4/8,34,2,75,411,520,4.24
2023/4/9,33,2,72,203,308,3.31
2023/4/10,52,7,142,912,1106,2.14
2023/4/11,155,5.29,186,752,1093,3.33
2023/4/12,175,3.22,160,762,1097,3.79
2023/4/13,104,1.55,149,673,926,2.36
2023/4/14,142,12.67,123,315,580,3.23
2023/4/15,101,3,85,324,510,7.42
2023/4/16,75,2.5,64,304,443,2.54
2023/4/17,102,2.1,135,737,974,2.69
2023/4/18,94,5,127,341,562,5.75
2023/4/19,103,2.29,116,310,529,7
2023/4/20,151,6,126,247,524,3.61
2023/4/21,111,21,135,401,647,5.39
2023/4/22,87,17,87,352,526,3.62
2023/4/23,79,1.86,73,205,357,5.5
2023/4/24,151,5.25,114,729,994,2.91
2023/4/25,109,1.87,132,519,760,3.39
2023/4/26,123,20,140,764,1027,1.67
2023/4/27,120,26,122,394,636,2.61
2023/4/28,107,5,128,293,528,7.26
2023/4/29,77,6,72,387,536,2.5
2023/4/30,67,7.5,66,169,302,4.93
2023/5/1,64,2.5,86,216,366,2.31
2023/5/2,74,13,108,450,632,3.1
2023/5/3,106,1.47,116,488,710,2.07
2023/5/4,67,3.2,107,502,676,6.41
2023/5/5,88,6.67,129,344,561,3.95
2023/5/6,33,3,76,210,319,4.65
2023/5/7,27,3,71,171,269,4.39
2023/5/8,157,1.36,132,262,551,2.82
2023/5/9,150,2.5,137,544,831,2.6
2023/5/10,91,1.27,150,795,1036,2.22
2023/5/11,116,0.73,153,547,816,2.14
2023/5/12,104,1.11,112,407,623,3.16
2023/5/13,67,0.5,108,363,538,4.27
2023/5/14,68,8,65,583,716,2.53
2023/5/15,111,3.4,111,663,885,2.66
2023/5/16,101,7.67,142,625,868,2.76
2023/5/17,105,7.67,141,262,508,4.4
2023/5/18,92,26,137,269,498,3.38
2023/5/19,79,2.8,118,175,372,9.56
2023/5/20,54,22,80,449,583,3.62
2023/5/21,50,12,74,477,601,1.97
2023/5/22,61,4,178,900,1139,2.64
2023/5/23,84,2.78,145,580,809,2.53
2023/5/24,74,4.4,118,822,1014,1.76
2023/5/25,85,7.67,113,343,541,2.23
2023/5/26,94,7.5,99,561,754,1.91
2023/5/27,64,4,72,371,507,2.43
2023/5/28,78,27,65,241,384,2.28
2023/5/29,112,11,139,247,498,6.1
2023/5/30,112,9.33,116,163,391,4.33
2023/5/31,71,5.67,137,172,380,4.36
2023/6/1,93,6,104,217,414,6.2
2023/6/2,66,7.5,134,288,488,6.8
2023/6/3,111,27,86,368,565,3.08
2023/6/4,82,9,74,165,321,3
2023/6/5,64,7,130,341,535,1.85
2023/6/6,332,0.53,174,532,1038,1.15
2023/6/7,148,1.3,144,429,721,1.3
2023/6/8,58,0.6,106,255,419,1.46
2023/6/9,54,2,120,243,417,2.31
2023/6/10,53,1.71,85,188,326,1.71
2023/6/11,152,6.4,56,548,756,1.28
2023/6/12,78,4,102,228,408,2.46
2023/6/13,50,14,91,157,298,5.83
2023/6/14,58,3.5,114,314,486,5.67
2023/6/15,91,0.91,133,348,572,5.05
2023/6/16,104,7,116,239,459,3.64
2023/6/17,99,4.2,105,401,605,2.23
2023/6/18,67,17,61,438,566,1.74
2023/6/19,74,8,108,168,350,3.91
2023/6/20,72,4,110,560,742,1.88
2023/6/21,163,13.25,141,489,793,2.64
2023/6/22,160,23.5,109,706,975,1.69
2023/6/23,87,24,93,242,422,3.48
2023/6/24,118,17.5,106,365,589,5.56
2023/6/25,128,1.33,96,493,717,2.61
2023/6/26,117,6.2,128,301,546,5.91
2023/6/27,93,3.86,145,246,484,3.66
2023/6/28,84,3.17,139,508,731,2.45
2023/6/29,78,11,132,258,468,4.52
2023/6/30,117,1.81,133,580,830,2.18
2023/7/1,136,1.39,95,481,712,2.15
2023/7/2,92,4.8,73,305,470,2.65
2023/7/3,90,2.67,130,182,402,6.43
2023/7/4,120,6.6,133,455,708,3.73
2023/7/5,91,8,117,765,973,2.24
2023/7/6,130,20,110,493,733,2.29
2023/7/7,100,7.4,113,387,600,3
2023/7/8,62,3,65,132,259,2.68
2023/7/9,47,3.67,47,126,220,2.13
2023/7/10,84,3.14,93,154,331,1.78
2023/7/11,106,13.67,134,342,582,6.58
2023/7/12,94,9.67,127,237,458,3.7
2023/7/13,66,3.83,121,444,631,1.91
2023/7/14,153,26,180,340,673,3
2023/7/15,116,32,85,235,436,2.81
2023/7/16,87,6.5,65,324,476,5.05
2023/7/17,93,26,105,405,603,2.28
2023/7/18,84,28,117,595,796,1.88
2023/7/19,89,28,124,227,440,2.34
2023/7/20,94,14,114,305,513,1.98
2023/7/21,69,13,107,134,310,2.23
2023/7/22,42,2,70,256,368,1.36
2023/7/23,37,6,42,201,280,3.71
2023/7/24,77,12,92,183,352,6.9
2023/7/25,110,7.5,98,505,713,1.74
2023/7/26,56,6,90,230,376,3.89
2023/7/27,47,4.33,113,152,312,4.93
2023/7/28,40,8.5,90,138,268,5
2023/7/29,30,6,49,304,383,2.12
2023/7/30,26,6,44,127,197,4.11
2023/7/31,39,2.67,99,132,270,5.45
2023/8/1,50,4,87,156,293,5.4
2023/8/2,117,1.33,105,138,360,3.88
2023/8/3,82,2.43,89,245,416,3.22
2023/8/4,94,14,114,381,589,2.13
2023/8/5,47,14,67,169,283,2.29
2023/8/6,65,17,43,165,273,1.68
2023/8/7,93,2.25,93,171,357,2.16
2023/8/8,120,2.22,107,176,403,6
2023/8/9,64,3.4,104,160,328,5.2
2023/8/10,87,8.67,96,289,472,2.03
2023/8/11,67,2.57,94,235,396,3.56
2023/8/12,89,14,55,94,238,5.71
2023/8/13,74,5,42,146,262,2.76
2023/8/14,98,5.67,111,135,344,7.45
2023/8/15,110,29,111,140,361,3.32
2023/8/16,107,14,100,160,367,3.94
2023/8/17,135,7,106,211,452,5.65
2023/8/18,233,3.75,158,557,948,1.45
2023/8/19,95,1.05,70,540,705,1.28
2023/8/20,127,0.78,64,200,391,2.27
2023/8/21,106,3.2,110,220,436,1.15
2023/8/22,69,3.67,101,95,265,1.91
2023/8/23,90,4.5,101,190,381,2.88
2023/8/24,95,1.4,79,385,559,5.05
2023/8/25,69,1.75,97,430,596,5.94
2023/8/26,64,3.5,65,578,707,11.7
2023/8/27,39,4,32,230,301,9.79
2023/8/28,79,0.8,75,328,482,9.32
2023/8/29,83,6.33,97,366,546,4.41
2023/8/30,199,5,135,463,797,3.35
2023/8/31,114,1.56,127,426,667,3.73
2023/9/1,94,1.13,112,335,541,2.36
2023/9/2,65,1,66,633,764,2.74
2023/9/3,66,18,60,308,434,5.11
2023/9/4,77,5.25,99,264,440,4.63
2023/9/5,54,4,94,208,356,4.75
2023/9/6,98,6.75,115,200,413,4.65
2023/9/7,71,4,135,153,359,6.14
2023/9/8,84,4,95,258,437,2.95
2023/9/9,58,2.25,52,299,409,1.86
2023/9/10,82,1.53,52,453,587,1
2023/9/11,63,1.5,73,150,286,3.83
2023/9/12,123,0.44,117,507,747,0.76
2023/9/13,110,0.46,119,347,576,0.8
2023/9/14,82,2.57,96,498,676,7.71
2023/9/15,39,19,76,477,592,2.69
2023/9/16,42,20,49,149,240,6.5
2023/9/17,58,5.25,32,106,196,3.64
2023/9/18,63,3,93,344,500,2.5
2023/9/19,69,1.27,96,198,363,4.27
2023/9/20,78,2.44,117,364,559,5.04
2023/9/21,93,1.44,83,539,715,2.1
2023/9/22,62,26,78,203,343,2.96
2023/9/23,62,10.5,69,204,335,3.1
2023/9/24,51,11,29,191,271,2.5
2023/9/25,45,2,95,295,435,2.11
2023/9/26,67,8,80,159,306,3.43
2023/9/27,51,7,89,133,273,8.71
2023/9/28,78,23,69,279,426,5.58
2023/9/29,57,3,56,399,512,15.23
2023/9/30,36,14,37,150,223,18.17
2023/10/1,44,2.25,37,132,213,5.6
2023/10/2,87,7.5,77,475,639,2.11
2023/10/3,48,4.33,80,252,380,3.54
2023/10/4,67,2.25,86,178,331,2.27
2023/10/5,61,20,78,209,348,3.83
2023/10/6,39,2.33,74,302,415,2.31
2023/10/7,39,3.5,62,439,540,1.57
2023/10/8,54,13,66,208,328,3.07
2023/10/9,55,4.5,76,487,618,1.97
2023/10/10,37,4,82,363,482,2.43
2023/10/11,60,2.4,104,184,348,3.71
2023/10/12,75,9,86,233,394,5.5
2023/10/13,66,12,86,167,319,2.78
2023/10/14,69,13,57,121,247,5.1
2023/10/15,87,5.5,50,406,543,1.64
2023/10/16,137,8.67,112,442,691,2.23
2023/10/17,112,5.6,134,719,965,1.65
2023/10/18,97,11,110,406,613,2.83
2023/10/19,102,7,103,224,429,2.71
2023/10/20,105,2.67,109,308,522,2.59
2023/10/21,54,23,48,117,219,3.64
2023/10/22,35,2,68,400,503,1.46
2023/10/23,97,22,121,249,467,3.17
2023/10/24,324,140,179,798,1301,2.43
2023/10/25,204,18.67,146,689,1039,2.12
2023/10/26,151,4.8,141,529,821,1.91
2023/10/27,137,20,121,373,631,3.76
2023/10/28,58,21,66,399,523,4.15
2023/10/29,54,9,33,495,582,1.21
2023/10/30,127,1.37,106,361,594,3.04
2023/10/31,81,25,106,306,493,3.95
2023/11/1,97,11.67,116,257,470,5.62
2023/11/2,162,11.8,131,325,618,4.03
2023/11/3,131,11.33,101,180,412,5.5
2023/11/4,73,8.5,59,193,325,2.77
2023/11/5,72,13.5,50,182,304,2.17
2023/11/6,123,5.6,87,241,451,2.73
2023/11/7,106,15.5,107,566,779,1.96
2023/11/8,90,6,74,179,343,5
2023/11/9,169,12.5,144,540,853,2.9
2023/11/10,186,63,136,280,602,3.65
2023/11/11,107,46,64,173,344,4.44
2023/11/12,116,44,74,162,352,2.58
2023/11/13,141,5,111,524,776,2.43
2023/11/14,113,13,94,187,394,2.9
2023/11/15,108,6.5,111,331,550,4
2023/11/16,187,0.77,161,761,1109,1.27
2023/11/17,101,0.81,93,426,620,2.41
2023/11/18,57,1.42,68,434,559,2.51
2023/11/19,36,2.5,35,212,283,2.47
2023/11/20,65,4.25,111,350,526,5.83
2023/11/21,110,4.63,82,130,322,7.57
2023/11/22,206,0.31,108,170,484,2.48
2023/11/23,148,2.28,88,216,452,4.19
2023/11/24,96,5.5,84,407,587,3.55
2023/11/25,54,7,37,197,288,4.71
2023/11/26,43,3,28,502,573,1.7
2023/11/27,85,15.5,70,827,982,1.85
2023/11/28,80,7,76,304,460,3.64
2023/11/29,99,4.25,118,394,611,2.53
2023/11/30,94,1.62,100,408,602,1.88
2023/12/1,82,12.5,98,196,376,3.3
2023/12/2,64,6.5,55,99,218,2.64
2023/12/3,73,24,57,131,261,2.3
2023/12/4,193,39.5,190,828,1211,1.8
2023/12/5,274,6.73,183,652,1109,1.97
2023/12/6,277,33.5,211,736,1224,2.11
2023/12/7,218,8.5,158,470,846,3
2023/12/8,169,16,115,330,614,4.26
2023/12/9,119,18,62,325,506,2.61
2023/12/10,78,26,49,137,264,3.67
2023/12/11,145,2.64,116,318,579,2.55
2023/12/12,206,3.2,152,498,856,1.74
2023/12/13,92,3.5,132,297,521,4.5
2023/12/14,96,5.8,106,305,507,4.96
2023/12/15,86,17,140,602,828,4.53
2023/12/16,118,5.5,75,566,759,2.31
2023/12/17,91,12,66,437,594,2.58
2023/12/18,118,35,114,326,558,4.67
2023/12/19,118,46,139,360,617,6.17
2023/12/20,141,11.2,101,611,853,3.28
2023/12/21,83,10.33,133,625,841,3.56
2023/12/22,99,6.2,118,166,383,9.89
2023/12/23,51,16,71,301,423,2.76
2023/12/24,30,9,48,271,349,2.75
2023/12/25,90,4.5,95,281,466,4.54
2023/12/26,102,8.67,113,479,694,2.56
2023/12/27,100,5.43,149,187,436,8.9
2023/12/28,111,25,136,709,956,2.13
2023/12/29,81,8.5,107,434,622,2.26
2023/12/30,71,8.67,70,591,732,2.41
2023/12/31,36,2,45,185,266,2.68
