Time,淨零排放
2021/01/01,19
2021/01/02,15
2021/01/03,21
2021/01/04,35
2021/01/05,34
2021/01/06,36
2021/01/07,29
2021/01/08,21
2021/01/09,7
2021/01/10,9
2021/01/11,26
2021/01/12,28
2021/01/13,24
2021/01/14,24
2021/01/15,11
2021/01/16,5
2021/01/17,9
2021/01/18,49
2021/01/19,44
2021/01/20,35
2021/01/21,35
2021/01/22,39
2021/01/23,14
2021/01/24,20
2021/01/25,37
2021/01/26,36
2021/01/27,27
2021/01/28,29
2021/01/29,67
2021/01/30,42
2021/01/31,21
2021/02/01,21
2021/02/02,24
2021/02/03,58
2021/02/04,55
2021/02/05,22
2021/02/06,8
2021/02/07,43
2021/02/08,37
2021/02/09,47
2021/02/10,22
2021/02/11,14
2021/02/12,5
2021/02/13,11
2021/02/14,8
2021/02/15,15
2021/02/16,21
2021/02/17,48
2021/02/18,71
2021/02/19,65
2021/02/20,48
2021/02/21,40
2021/02/22,38
2021/02/23,90
2021/02/24,85
2021/02/25,77
2021/02/26,70
2021/02/27,24
2021/02/28,43
2021/03/01,19
2021/03/02,104
2021/03/03,105
2021/03/04,102
2021/03/05,121
2021/03/06,45
2021/03/07,79
2021/03/08,119
2021/03/09,154
2021/03/10,186
2021/03/11,150
2021/03/12,130
2021/03/13,52
2021/03/14,45
2021/03/15,84
2021/03/16,146
2021/03/17,168
2021/03/18,133
2021/03/19,128
2021/03/20,50
2021/03/21,95
2021/03/22,192
2021/03/23,96
2021/03/24,88
2021/03/25,111
2021/03/26,114
2021/03/27,69
2021/03/28,60
2021/03/29,94
2021/03/30,139
2021/03/31,100
2021/04/01,112
2021/04/02,62
2021/04/03,49
2021/04/04,58
2021/04/05,45
2021/04/06,80
2021/04/07,86
2021/04/08,99
2021/04/09,103
2021/04/10,55
2021/04/11,63
2021/04/12,75
2021/04/13,88
2021/04/14,132
2021/04/15,144
2021/04/16,243
2021/04/17,113
2021/04/18,175
2021/04/19,273
2021/04/20,406
2021/04/21,422
2021/04/22,1100
2021/04/23,986
2021/04/24,438
2021/04/25,261
2021/04/26,234
2021/04/27,240
2021/04/28,196
2021/04/29,228
2021/04/30,110
2021/05/01,78
2021/05/02,70
2021/05/03,127
2021/05/04,98
2021/05/05,134
2021/05/06,223
2021/05/07,184
2021/05/08,211
2021/05/09,92
2021/05/10,161
2021/05/11,132
2021/05/12,103
2021/05/13,188
2021/05/14,124
2021/05/15,55
2021/05/16,50
2021/05/17,68
2021/05/18,138
2021/05/19,158
2021/05/20,239
2021/05/21,148
2021/05/22,110
2021/05/23,79
2021/05/24,123
2021/05/25,137
2021/05/26,145
2021/05/27,152
2021/05/28,107
2021/05/29,69
2021/05/30,53
2021/05/31,100
2021/06/01,95
2021/06/02,97
2021/06/03,145
2021/06/04,101
2021/06/05,45
2021/06/06,38
2021/06/07,201
2021/06/08,129
2021/06/09,81
2021/06/10,102
2021/06/11,76
2021/06/12,40
2021/06/13,31
2021/06/14,35
2021/06/15,123
2021/06/16,125
2021/06/17,104
2021/06/18,157
2021/06/19,29
2021/06/20,39
2021/06/21,112
2021/06/22,126
2021/06/23,82
2021/06/24,161
2021/06/25,104
2021/06/26,25
2021/06/27,30
2021/06/28,119
2021/06/29,116
2021/06/30,160
2021/07/01,116
2021/07/02,133
2021/07/03,55
2021/07/04,36
2021/07/05,170
2021/07/06,118
2021/07/07,128
2021/07/08,176
2021/07/09,107
2021/07/10,51
2021/07/11,41
2021/07/12,142
2021/07/13,110
2021/07/14,148
2021/07/15,192
2021/07/16,175
2021/07/17,204
2021/07/18,73
2021/07/19,160
2021/07/20,114
2021/07/21,138
2021/07/22,159
2021/07/23,192
2021/07/24,37
2021/07/25,65
2021/07/26,152
2021/07/27,100
2021/07/28,156
2021/07/29,94
2021/07/30,140
2021/07/31,37
2021/08/01,45
2021/08/02,97
2021/08/03,101
2021/08/04,98
2021/08/05,132
2021/08/06,145
2021/08/07,38
2021/08/08,40
2021/08/09,130
2021/08/10,172
2021/08/11,173
2021/08/12,332
2021/08/13,281
2021/08/14,150
2021/08/15,66
2021/08/16,112
2021/08/17,129
2021/08/18,181
2021/08/19,166
2021/08/20,95
2021/08/21,64
2021/08/22,52
2021/08/23,142
2021/08/24,140
2021/08/25,182
2021/08/26,144
2021/08/27,112
2021/08/28,36
2021/08/29,44
2021/08/30,193
2021/08/31,264
2021/09/01,694
2021/09/02,1345
2021/09/03,250
2021/09/04,134
2021/09/05,118
2021/09/06,285
2021/09/07,202
2021/09/08,111
2021/09/09,220
2021/09/10,190
2021/09/11,51
2021/09/12,65
2021/09/13,109
2021/09/14,214
2021/09/15,250
2021/09/16,239
2021/09/17,154
2021/09/18,59
2021/09/19,56
2021/09/20,68
2021/09/21,46
2021/09/22,227
2021/09/23,224
2021/09/24,315
2021/09/25,99
2021/09/26,203
2021/09/27,487
2021/09/28,417
2021/09/29,475
2021/09/30,703
2021/10/01,357
2021/10/02,167
2021/10/03,138
2021/10/04,256
2021/10/05,182
2021/10/06,300
2021/10/07,166
2021/10/08,173
2021/10/09,255
2021/10/10,351
2021/10/11,149
2021/10/12,280
2021/10/13,300
2021/10/14,220
2021/10/15,260
2021/10/16,78
2021/10/17,88
2021/10/18,180
2021/10/19,120
2021/10/20,277
2021/10/21,196
2021/10/22,179
2021/10/23,142
2021/10/24,99
2021/10/25,269
2021/10/26,217
2021/10/27,243
2021/10/28,244
2021/10/29,257
2021/10/30,252
2021/10/31,515
2021/11/01,537
2021/11/02,567
2021/11/03,783
2021/11/04,995
2021/11/05,456
2021/11/06,191
2021/11/07,1321
2021/11/08,1799
2021/11/09,784
2021/11/10,561
2021/11/11,503
2021/11/12,316
2021/11/13,240
2021/11/14,224
2021/11/15,556
2021/11/16,324
2021/11/17,568
2021/11/18,562
2021/11/19,293
2021/11/20,187
2021/11/21,126
2021/11/22,281
2021/11/23,354
2021/11/24,405
2021/11/25,303
2021/11/26,166
2021/11/27,98
2021/11/28,195
2021/11/29,329
2021/11/30,315
2021/12/01,258
2021/12/02,289
2021/12/03,213
2021/12/04,71
2021/12/05,99
2021/12/06,271
2021/12/07,406
2021/12/08,426
2021/12/09,352
2021/12/10,291
2021/12/11,298
2021/12/12,279
2021/12/13,356
2021/12/14,363
2021/12/15,421
2021/12/16,414
2021/12/17,429
2021/12/18,235
2021/12/19,196
2021/12/20,293
2021/12/21,380
2021/12/22,258
2021/12/23,336
2021/12/24,674
2021/12/25,178
2021/12/26,106
2021/12/27,230
2021/12/28,166
2021/12/29,231
2021/12/30,223
2021/12/31,157
2022/01/01,265
2022/01/02,173
2022/01/03,226
2022/01/04,240
2022/01/05,228
2022/01/06,289
2022/01/07,141
2022/01/08,67
2022/01/09,80
2022/01/10,187
2022/01/11,314
2022/01/12,237
2022/01/13,295
2022/01/14,258
2022/01/15,86
2022/01/16,81
2022/01/17,171
2022/01/18,174
2022/01/19,191
2022/01/20,240
2022/01/21,238
2022/01/22,88
2022/01/23,46
2022/01/24,141
2022/01/25,189
2022/01/26,225
2022/01/27,134
2022/01/28,121
2022/01/29,45
2022/01/30,63
2022/01/31,67
2022/02/01,340
2022/02/02,81
2022/02/03,53
2022/02/04,51
2022/02/05,61
2022/02/06,223
2022/02/07,210
2022/02/08,359
2022/02/09,548
2022/02/10,304
2022/02/11,203
2022/02/12,108
2022/02/13,57
2022/02/14,162
2022/02/15,165
2022/02/16,172
2022/02/17,189
2022/02/18,193
2022/02/19,75
2022/02/20,109
2022/02/21,210
2022/02/22,161
2022/02/23,209
2022/02/24,217
2022/02/25,207
2022/02/26,64
2022/02/27,24
2022/02/28,134
2022/03/01,186
2022/03/02,215
2022/03/03,178
2022/03/04,294
2022/03/05,171
2022/03/06,109
2022/03/07,319
2022/03/08,235
2022/03/09,280
2022/03/10,393
2022/03/11,312
2022/03/12,143
2022/03/13,99
2022/03/14,309
2022/03/15,267
2022/03/16,252
2022/03/17,452
2022/03/18,192
2022/03/19,109
2022/03/20,81
2022/03/21,613
2022/03/22,388
2022/03/23,302
2022/03/24,395
2022/03/25,306
2022/03/26,122
2022/03/27,91
2022/03/28,259
2022/03/29,342
2022/03/30,885
2022/03/31,1338
2022/04/01,598
2022/04/02,145
2022/04/03,116
2022/04/04,108
2022/04/05,219
2022/04/06,223
2022/04/07,310
2022/04/08,210
2022/04/09,79
2022/04/10,122
2022/04/11,290
2022/04/12,388
2022/04/13,310
2022/04/14,356
2022/04/15,430
2022/04/16,127
2022/04/17,96
2022/04/18,392
2022/04/19,346
2022/04/20,340
2022/04/21,652
2022/04/22,2308
2022/04/23,973
2022/04/24,283
2022/04/25,269
2022/04/26,303
2022/04/27,259
2022/04/28,706
2022/04/29,353
2022/04/30,174
2022/05/01,72
2022/05/02,78
2022/05/03,291
2022/05/04,256
2022/05/05,338
2022/05/06,305
2022/05/07,89
2022/05/08,103
2022/05/09,154
2022/05/10,195
2022/05/11,352
2022/05/12,308
2022/05/13,321
2022/05/14,205
2022/05/15,61
2022/05/16,284
2022/05/17,292
2022/05/18,417
2022/05/19,277
2022/05/20,475
2022/05/21,90
2022/05/22,69
2022/05/23,331
2022/05/24,369
2022/05/25,340
2022/05/26,343
2022/05/27,228
2022/05/28,61
2022/05/29,153
2022/05/30,297
2022/05/31,456
2022/06/01,443
2022/06/02,331
2022/06/03,128
2022/06/04,29
2022/06/05,81
2022/06/06,192
2022/06/07,258
2022/06/08,259
2022/06/09,294
2022/06/10,144
2022/06/11,39
2022/06/12,111
2022/06/13,263
2022/06/14,253
2022/06/15,327
2022/06/16,279
2022/06/17,433
2022/06/18,116
2022/06/19,93
2022/06/20,354
2022/06/21,272
2022/06/22,343
2022/06/23,432
2022/06/24,404
2022/06/25,134
2022/06/26,91
2022/06/27,370
2022/06/28,1157
2022/06/29,2093
2022/06/30,1304
2022/07/01,881
2022/07/02,178
2022/07/03,75
2022/07/04,400
2022/07/05,294
2022/07/06,348
2022/07/07,285
2022/07/08,299
2022/07/09,119
2022/07/10,93
2022/07/11,241
2022/07/12,290
2022/07/13,201
2022/07/14,184
2022/07/15,158
2022/07/16,535
2022/07/17,281
2022/07/18,420
2022/07/19,454
2022/07/20,351
2022/07/21,299
2022/07/22,271
2022/07/23,104
2022/07/24,108
2022/07/25,216
2022/07/26,205
2022/07/27,236
2022/07/28,276
2022/07/29,206
2022/07/30,118
2022/07/31,94
2022/08/01,280
2022/08/02,269
2022/08/03,211
2022/08/04,179
2022/08/05,280
2022/08/06,60
2022/08/07,54
2022/08/08,146
2022/08/09,193
2022/08/10,230
2022/08/11,203
2022/08/12,399
2022/08/13,132
2022/08/14,65
2022/08/15,232
2022/08/16,205
2022/08/17,318
2022/08/18,225
2022/08/19,219
2022/08/20,78
2022/08/21,72
2022/08/22,165
2022/08/23,158
2022/08/24,542
2022/08/25,372
2022/08/26,253
2022/08/27,86
2022/08/28,92
2022/08/29,198
2022/08/30,188
2022/08/31,283
2022/09/01,434
2022/09/02,299
2022/09/03,117
2022/09/04,44
2022/09/05,172
2022/09/06,243
2022/09/07,247
2022/09/08,294
2022/09/09,149
2022/09/10,121
2022/09/11,58
2022/09/12,304
2022/09/13,219
2022/09/14,216
2022/09/15,317
2022/09/16,221
2022/09/17,108
2022/09/18,73
2022/09/19,169
2022/09/20,307
2022/09/21,204
2022/09/22,324
2022/09/23,288
2022/09/24,233
2022/09/25,138
2022/09/26,212
2022/09/27,361
2022/09/28,282
2022/09/29,266
2022/09/30,212
2022/10/01,64
2022/10/02,112
2022/10/03,180
2022/10/04,173
2022/10/05,229
2022/10/06,232
2022/10/07,270
2022/10/08,134
2022/10/09,133
2022/10/10,60
2022/10/11,260
2022/10/12,931
2022/10/13,1386
2022/10/14,411
2022/10/15,158
2022/10/16,146
2022/10/17,281
2022/10/18,277
2022/10/19,394
2022/10/20,284
2022/10/21,352
2022/10/22,153
2022/10/23,72
2022/10/24,214
2022/10/25,310
2022/10/26,363
2022/10/27,268
2022/10/28,294
2022/10/29,93
2022/10/30,55
2022/10/31,176
2022/11/01,346
2022/11/02,167
2022/11/03,216
2022/11/04,257
2022/11/05,50
2022/11/06,34
2022/11/07,257
2022/11/08,380
2022/11/09,312
2022/11/10,292
2022/11/11,259
2022/11/12,91
2022/11/13,133
2022/11/14,314
2022/11/15,507
2022/11/16,561
2022/11/17,411
2022/11/18,371
2022/11/19,102
2022/11/20,90
2022/11/21,261
2022/11/22,224
2022/11/23,256
2022/11/24,240
2022/11/25,233
2022/11/26,34
2022/11/27,39
2022/11/28,154
2022/11/29,225
2022/11/30,252
2022/12/01,199
2022/12/02,200
2022/12/03,89
2022/12/04,50
2022/12/05,275
2022/12/06,242
2022/12/07,238
2022/12/08,517
2022/12/09,303
2022/12/10,137
2022/12/11,62
2022/12/12,407
2022/12/13,299
2022/12/14,461
2022/12/15,332
2022/12/16,320
2022/12/17,116
2022/12/18,89
2022/12/19,429
2022/12/20,361
2022/12/21,337
2022/12/22,256
2022/12/23,186
2022/12/24,103
2022/12/25,131
2022/12/26,264
2022/12/27,285
2022/12/28,406
2022/12/29,329
2022/12/30,302
2022/12/31,86
2023/01/01,78
2023/01/02,78
2023/01/03,164
2023/01/04,124
2023/01/05,131
2023/01/06,198
2023/01/07,71
2023/01/08,64
2023/01/09,240
2023/01/10,444
2023/01/11,358
2023/01/12,293
2023/01/13,298
2023/01/14,73
2023/01/15,32
2023/01/16,212
2023/01/17,148
2023/01/18,163
2023/01/19,170
2023/01/20,60
2023/01/21,17
2023/01/22,24
2023/01/23,63
2023/01/24,26
2023/01/25,71
2023/01/26,65
2023/01/27,55
2023/01/28,68
2023/01/29,63
2023/01/30,243
2023/01/31,325
2023/02/01,304
2023/02/02,210
2023/02/03,191
2023/02/04,103
2023/02/05,48
2023/02/06,189
2023/02/07,274
2023/02/08,248
2023/02/09,167
2023/02/10,156
2023/02/11,47
2023/02/12,36
2023/02/13,200
2023/02/14,161
2023/02/15,217
2023/02/16,202
2023/02/17,265
2023/02/18,186
2023/02/19,80
2023/02/20,225
2023/02/21,139
2023/02/22,231
2023/02/23,193
2023/02/24,146
2023/02/25,36
2023/02/26,37
2023/02/27,56
2023/02/28,82
2023/03/01,137
2023/03/02,184
2023/03/03,178
2023/03/04,73
2023/03/05,52
2023/03/06,141
2023/03/07,315
2023/03/08,216
2023/03/09,157
2023/03/10,168
2023/03/11,33
2023/03/12,80
2023/03/13,113
2023/03/14,198
2023/03/15,301
2023/03/16,138
2023/03/17,202
2023/03/18,117
2023/03/19,73
2023/03/20,271
2023/03/21,306
2023/03/22,416
2023/03/23,253
2023/03/24,268
2023/03/25,167
2023/03/26,61
2023/03/27,247
2023/03/28,308
2023/03/29,324
2023/03/30,422
2023/03/31,334
2023/04/01,96
2023/04/02,75
2023/04/03,69
2023/04/04,64
2023/04/05,63
2023/04/06,1463
2023/04/07,924
2023/04/08,510
2023/04/09,258
2023/04/10,647
2023/04/11,440
2023/04/12,582
2023/04/13,366
2023/04/14,488
2023/04/15,96
2023/04/16,94
2023/04/17,238
2023/04/18,317
2023/04/19,331
2023/04/20,291
2023/04/21,500
2023/04/22,394
2023/04/23,215
2023/04/24,282
2023/04/25,311
2023/04/26,179
2023/04/27,247
2023/04/28,192
2023/04/29,100
2023/04/30,58
2023/05/01,117
2023/05/02,109
2023/05/03,172
2023/05/04,340
2023/05/05,190
2023/05/06,64
2023/05/07,69
2023/05/08,173
2023/05/09,305
2023/05/10,204
2023/05/11,180
2023/05/12,198
2023/05/13,71
2023/05/14,53
2023/05/15,212
2023/05/16,242
2023/05/17,245
2023/05/18,252
2023/05/19,177
2023/05/20,139
2023/05/21,89
2023/05/22,192
2023/05/23,206
2023/05/24,257
2023/05/25,241
2023/05/26,241
2023/05/27,74
2023/05/28,60
2023/05/29,331
2023/05/30,233
2023/05/31,326
2023/06/01,351
2023/06/02,421
2023/06/03,213
2023/06/04,73
2023/06/05,404
2023/06/06,360
2023/06/07,788
2023/06/08,343
2023/06/09,361
2023/06/10,184
2023/06/11,96
2023/06/12,241
2023/06/13,256
2023/06/14,280
2023/06/15,258
2023/06/16,418
2023/06/17,190
2023/06/18,99
2023/06/19,352
2023/06/20,198
2023/06/21,317
2023/06/22,113
2023/06/23,76
2023/06/24,58
2023/06/25,99
2023/06/26,125
2023/06/27,238
2023/06/28,330
2023/06/29,345
2023/06/30,273
2023/07/01,95
2023/07/02,57
2023/07/03,257
2023/07/04,193
2023/07/05,213
2023/07/06,194
2023/07/07,141
2023/07/08,86
2023/07/09,81
2023/07/10,233
2023/07/11,256
2023/07/12,194
2023/07/13,160
2023/07/14,95
2023/07/15,44
2023/07/16,73
2023/07/17,188
2023/07/18,194
2023/07/19,277
2023/07/20,318
2023/07/21,395
2023/07/22,82
2023/07/23,55
2023/07/24,201
2023/07/25,220
2023/07/26,182
2023/07/27,223
2023/07/28,267
2023/07/29,59
2023/07/30,77
2023/07/31,201
2023/08/01,329
2023/08/02,169
2023/08/03,145
2023/08/04,147
2023/08/05,101
2023/08/06,131
2023/08/07,530
2023/08/08,278
2023/08/09,466
2023/08/10,326
2023/08/11,161
2023/08/12,80
2023/08/13,158
2023/08/14,263
2023/08/15,186
2023/08/16,216
2023/08/17,193
2023/08/18,173
2023/08/19,69
2023/08/20,64
2023/08/21,390
2023/08/22,435
2023/08/23,302
2023/08/24,255
2023/08/25,210
2023/08/26,49
2023/08/27,62
2023/08/28,210
2023/08/29,244
2023/08/30,309
2023/08/31,191
2023/09/01,199
2023/09/02,31
2023/09/03,64
2023/09/04,167
2023/09/05,156
2023/09/06,249
2023/09/07,232
2023/09/08,216
2023/09/09,43
2023/09/10,73
2023/09/11,277
2023/09/12,295
2023/09/13,697
2023/09/14,290
2023/09/15,253
2023/09/16,142
2023/09/17,101
2023/09/18,260
2023/09/19,194
2023/09/20,272
2023/09/21,245
2023/09/22,230
2023/09/23,190
2023/09/24,111
2023/09/25,283
2023/09/26,265
2023/09/27,411
2023/09/28,359
2023/09/29,72
2023/09/30,86
2023/10/01,81
2023/10/02,265
2023/10/03,425
2023/10/04,221
2023/10/05,176
2023/10/06,196
2023/10/07,51
2023/10/08,38
2023/10/09,50
2023/10/10,67
2023/10/11,293
2023/10/12,348
2023/10/13,284
2023/10/14,153
2023/10/15,232
2023/10/16,452
2023/10/17,358
2023/10/18,352
2023/10/19,390
2023/10/20,319
2023/10/21,74
2023/10/22,64
2023/10/23,353
2023/10/24,348
2023/10/25,385
2023/10/26,330
2023/10/27,298
2023/10/28,123
2023/10/29,111
2023/10/30,326
2023/10/31,284
2023/11/01,240
2023/11/02,360
2023/11/03,207
2023/11/04,186
2023/11/05,94
2023/11/06,340
2023/11/07,422
2023/11/08,436
2023/11/09,320
2023/11/10,461
2023/11/11,126
2023/11/12,77
2023/11/13,487
2023/11/14,724
2023/11/15,927
2023/11/16,462
2023/11/17,294
2023/11/18,294
2023/11/19,103
2023/11/20,376
2023/11/21,470
2023/11/22,313
2023/11/23,256
2023/11/24,269
2023/11/25,195
2023/11/26,103
2023/11/27,324
2023/11/28,462
2023/11/29,418
2023/11/30,380
2023/12/01,390
2023/12/02,244
2023/12/03,402
2023/12/04,773
2023/12/05,524
2023/12/06,593
2023/12/07,501
2023/12/08,395
2023/12/09,216
2023/12/10,212
2023/12/11,407
2023/12/12,388
2023/12/13,389
2023/12/14,557
2023/12/15,372
2023/12/16,158
2023/12/17,189
2023/12/18,377
2023/12/19,523
2023/12/20,560
2023/12/21,321
2023/12/22,735
2023/12/23,236
2023/12/24,112
2023/12/25,219
2023/12/26,320
2023/12/27,351
2023/12/28,260
2023/12/29,276
2023/12/30,108
2023/12/31,69
