Time,綠色飲食
2021/01/01,9
2021/01/02,21
2021/01/03,20
2021/01/04,29
2021/01/05,70
2021/01/06,60
2021/01/07,60
2021/01/08,31
2021/01/09,20
2021/01/10,16
2021/01/11,82
2021/01/12,29
2021/01/13,31
2021/01/14,22
2021/01/15,24
2021/01/16,18
2021/01/17,21
2021/01/18,40
2021/01/19,31
2021/01/20,47
2021/01/21,62
2021/01/22,27
2021/01/23,22
2021/01/24,11
2021/01/25,56
2021/01/26,52
2021/01/27,73
2021/01/28,58
2021/01/29,31
2021/01/30,18
2021/01/31,33
2021/02/01,36
2021/02/02,43
2021/02/03,85
2021/02/04,46
2021/02/05,33
2021/02/06,27
2021/02/07,27
2021/02/08,78
2021/02/09,65
2021/02/10,74
2021/02/11,21
2021/02/12,49
2021/02/13,18
2021/02/14,20
2021/02/15,56
2021/02/16,27
2021/02/17,47
2021/02/18,33
2021/02/19,55
2021/02/20,36
2021/02/21,20
2021/02/22,73
2021/02/23,65
2021/02/24,44
2021/02/25,52
2021/02/26,47
2021/02/27,25
2021/02/28,38
2021/03/01,28
2021/03/02,47
2021/03/03,41
2021/03/04,41
2021/03/05,39
2021/03/06,19
2021/03/07,24
2021/03/08,65
2021/03/09,49
2021/03/10,60
2021/03/11,47
2021/03/12,40
2021/03/13,36
2021/03/14,44
2021/03/15,54
2021/03/16,59
2021/03/17,118
2021/03/18,61
2021/03/19,51
2021/03/20,37
2021/03/21,34
2021/03/22,52
2021/03/23,63
2021/03/24,81
2021/03/25,90
2021/03/26,77
2021/03/27,90
2021/03/28,48
2021/03/29,98
2021/03/30,62
2021/03/31,86
2021/04/01,51
2021/04/02,28
2021/04/03,10
2021/04/04,15
2021/04/05,30
2021/04/06,40
2021/04/07,43
2021/04/08,55
2021/04/09,58
2021/04/10,61
2021/04/11,57
2021/04/12,69
2021/04/13,187
2021/04/14,92
2021/04/15,65
2021/04/16,60
2021/04/17,35
2021/04/18,26
2021/04/19,52
2021/04/20,81
2021/04/21,92
2021/04/22,160
2021/04/23,80
2021/04/24,41
2021/04/25,66
2021/04/26,77
2021/04/27,76
2021/04/28,58
2021/04/29,57
2021/04/30,35
2021/05/01,24
2021/05/02,44
2021/05/03,103
2021/05/04,81
2021/05/05,71
2021/05/06,76
2021/05/07,98
2021/05/08,48
2021/05/09,51
2021/05/10,58
2021/05/11,81
2021/05/12,87
2021/05/13,81
2021/05/14,49
2021/05/15,35
2021/05/16,31
2021/05/17,53
2021/05/18,78
2021/05/19,70
2021/05/20,40
2021/05/21,67
2021/05/22,58
2021/05/23,83
2021/05/24,74
2021/05/25,68
2021/05/26,73
2021/05/27,77
2021/05/28,36
2021/05/29,31
2021/05/30,33
2021/05/31,52
2021/06/01,35
2021/06/02,50
2021/06/03,40
2021/06/04,45
2021/06/05,28
2021/06/06,25
2021/06/07,35
2021/06/08,68
2021/06/09,42
2021/06/10,33
2021/06/11,45
2021/06/12,25
2021/06/13,47
2021/06/14,33
2021/06/15,36
2021/06/16,51
2021/06/17,52
2021/06/18,59
2021/06/19,34
2021/06/20,30
2021/06/21,46
2021/06/22,18
2021/06/23,24
2021/06/24,30
2021/06/25,30
2021/06/26,24
2021/06/27,35
2021/06/28,72
2021/06/29,56
2021/06/30,37
2021/07/01,45
2021/07/02,73
2021/07/03,43
2021/07/04,33
2021/07/05,28
2021/07/06,44
2021/07/07,31
2021/07/08,60
2021/07/09,47
2021/07/10,17
2021/07/11,34
2021/07/12,56
2021/07/13,59
2021/07/14,84
2021/07/15,61
2021/07/16,21
2021/07/17,12
2021/07/18,26
2021/07/19,60
2021/07/20,45
2021/07/21,54
2021/07/22,54
2021/07/23,68
2021/07/24,39
2021/07/25,11
2021/07/26,58
2021/07/27,24
2021/07/28,67
2021/07/29,64
2021/07/30,55
2021/07/31,21
2021/08/01,19
2021/08/02,52
2021/08/03,70
2021/08/04,57
2021/08/05,22
2021/08/06,60
2021/08/07,26
2021/08/08,24
2021/08/09,49
2021/08/10,89
2021/08/11,50
2021/08/12,76
2021/08/13,74
2021/08/14,28
2021/08/15,29
2021/08/16,53
2021/08/17,57
2021/08/18,49
2021/08/19,49
2021/08/20,74
2021/08/21,53
2021/08/22,36
2021/08/23,59
2021/08/24,99
2021/08/25,127
2021/08/26,75
2021/08/27,78
2021/08/28,55
2021/08/29,45
2021/08/30,78
2021/08/31,96
2021/09/01,48
2021/09/02,82
2021/09/03,63
2021/09/04,26
2021/09/05,29
2021/09/06,43
2021/09/07,76
2021/09/08,86
2021/09/09,82
2021/09/10,51
2021/09/11,34
2021/09/12,52
2021/09/13,105
2021/09/14,76
2021/09/15,89
2021/09/16,89
2021/09/17,66
2021/09/18,21
2021/09/19,44
2021/09/20,46
2021/09/21,37
2021/09/22,71
2021/09/23,63
2021/09/24,95
2021/09/25,48
2021/09/26,61
2021/09/27,65
2021/09/28,64
2021/09/29,117
2021/09/30,120
2021/10/01,70
2021/10/02,11
2021/10/03,63
2021/10/04,72
2021/10/05,68
2021/10/06,85
2021/10/07,86
2021/10/08,61
2021/10/09,16
2021/10/10,40
2021/10/11,52
2021/10/12,70
2021/10/13,69
2021/10/14,110
2021/10/15,89
2021/10/16,30
2021/10/17,29
2021/10/18,113
2021/10/19,66
2021/10/20,65
2021/10/21,50
2021/10/22,55
2021/10/23,52
2021/10/24,45
2021/10/25,114
2021/10/26,94
2021/10/27,73
2021/10/28,111
2021/10/29,109
2021/10/30,73
2021/10/31,110
2021/11/01,149
2021/11/02,132
2021/11/03,167
2021/11/04,118
2021/11/05,140
2021/11/06,78
2021/11/07,42
2021/11/08,92
2021/11/09,137
2021/11/10,92
2021/11/11,155
2021/11/12,147
2021/11/13,55
2021/11/14,50
2021/11/15,94
2021/11/16,82
2021/11/17,105
2021/11/18,72
2021/11/19,99
2021/11/20,89
2021/11/21,66
2021/11/22,79
2021/11/23,92
2021/11/24,70
2021/11/25,87
2021/11/26,159
2021/11/27,62
2021/11/28,66
2021/11/29,69
2021/11/30,110
2021/12/01,110
2021/12/02,95
2021/12/03,112
2021/12/04,69
2021/12/05,40
2021/12/06,77
2021/12/07,118
2021/12/08,97
2021/12/09,74
2021/12/10,103
2021/12/11,37
2021/12/12,46
2021/12/13,92
2021/12/14,60
2021/12/15,84
2021/12/16,55
2021/12/17,81
2021/12/18,30
2021/12/19,27
2021/12/20,78
2021/12/21,86
2021/12/22,158
2021/12/23,94
2021/12/24,78
2021/12/25,43
2021/12/26,46
2021/12/27,91
2021/12/28,93
2021/12/29,141
2021/12/30,122
2021/12/31,60
2022/01/01,43
2022/01/02,36
2022/01/03,75
2022/01/04,127
2022/01/05,117
2022/01/06,135
2022/01/07,106
2022/01/08,37
2022/01/09,26
2022/01/10,59
2022/01/11,59
2022/01/12,99
2022/01/13,127
2022/01/14,65
2022/01/15,30
2022/01/16,42
2022/01/17,52
2022/01/18,70
2022/01/19,99
2022/01/20,138
2022/01/21,92
2022/01/22,59
2022/01/23,53
2022/01/24,124
2022/01/25,72
2022/01/26,78
2022/01/27,73
2022/01/28,94
2022/01/29,40
2022/01/30,33
2022/01/31,59
2022/02/01,38
2022/02/02,19
2022/02/03,46
2022/02/04,25
2022/02/05,24
2022/02/06,31
2022/02/07,60
2022/02/08,43
2022/02/09,121
2022/02/10,77
2022/02/11,92
2022/02/12,30
2022/02/13,34
2022/02/14,52
2022/02/15,35
2022/02/16,53
2022/02/17,86
2022/02/18,82
2022/02/19,28
2022/02/20,52
2022/02/21,81
2022/02/22,72
2022/02/23,90
2022/02/24,77
2022/02/25,57
2022/02/26,46
2022/02/27,39
2022/02/28,56
2022/03/01,55
2022/03/02,51
2022/03/03,89
2022/03/04,68
2022/03/05,53
2022/03/06,62
2022/03/07,81
2022/03/08,63
2022/03/09,91
2022/03/10,93
2022/03/11,108
2022/03/12,71
2022/03/13,59
2022/03/14,76
2022/03/15,96
2022/03/16,167
2022/03/17,88
2022/03/18,83
2022/03/19,64
2022/03/20,50
2022/03/21,125
2022/03/22,101
2022/03/23,152
2022/03/24,99
2022/03/25,140
2022/03/26,131
2022/03/27,105
2022/03/28,70
2022/03/29,75
2022/03/30,125
2022/03/31,91
2022/04/01,87
2022/04/02,95
2022/04/03,37
2022/04/04,85
2022/04/05,34
2022/04/06,74
2022/04/07,85
2022/04/08,117
2022/04/09,60
2022/04/10,54
2022/04/11,96
2022/04/12,108
2022/04/13,125
2022/04/14,148
2022/04/15,133
2022/04/16,101
2022/04/17,113
2022/04/18,155
2022/04/19,137
2022/04/20,168
2022/04/21,145
2022/04/22,185
2022/04/23,98
2022/04/24,135
2022/04/25,80
2022/04/26,114
2022/04/27,138
2022/04/28,76
2022/04/29,92
2022/04/30,69
2022/05/01,44
2022/05/02,79
2022/05/03,125
2022/05/04,111
2022/05/05,150
2022/05/06,91
2022/05/07,108
2022/05/08,63
2022/05/09,67
2022/05/10,60
2022/05/11,92
2022/05/12,169
2022/05/13,109
2022/05/14,45
2022/05/15,46
2022/05/16,48
2022/05/17,123
2022/05/18,136
2022/05/19,47
2022/05/20,66
2022/05/21,54
2022/05/22,39
2022/05/23,146
2022/05/24,179
2022/05/25,92
2022/05/26,88
2022/05/27,193
2022/05/28,55
2022/05/29,45
2022/05/30,69
2022/05/31,144
2022/06/01,120
2022/06/02,111
2022/06/03,66
2022/06/04,42
2022/06/05,61
2022/06/06,140
2022/06/07,78
2022/06/08,152
2022/06/09,135
2022/06/10,143
2022/06/11,45
2022/06/12,45
2022/06/13,126
2022/06/14,106
2022/06/15,128
2022/06/16,131
2022/06/17,194
2022/06/18,97
2022/06/19,52
2022/06/20,127
2022/06/21,104
2022/06/22,146
2022/06/23,135
2022/06/24,149
2022/06/25,98
2022/06/26,52
2022/06/27,96
2022/06/28,71
2022/06/29,97
2022/06/30,184
2022/07/01,103
2022/07/02,80
2022/07/03,74
2022/07/04,90
2022/07/05,70
2022/07/06,153
2022/07/07,116
2022/07/08,113
2022/07/09,85
2022/07/10,52
2022/07/11,66
2022/07/12,133
2022/07/13,149
2022/07/14,156
2022/07/15,124
2022/07/16,45
2022/07/17,72
2022/07/18,163
2022/07/19,169
2022/07/20,116
2022/07/21,143
2022/07/22,99
2022/07/23,43
2022/07/24,51
2022/07/25,179
2022/07/26,109
2022/07/27,100
2022/07/28,108
2022/07/29,86
2022/07/30,64
2022/07/31,88
2022/08/01,121
2022/08/02,108
2022/08/03,101
2022/08/04,98
2022/08/05,113
2022/08/06,64
2022/08/07,60
2022/08/08,105
2022/08/09,94
2022/08/10,128
2022/08/11,122
2022/08/12,133
2022/08/13,83
2022/08/14,65
2022/08/15,93
2022/08/16,104
2022/08/17,60
2022/08/18,95
2022/08/19,154
2022/08/20,95
2022/08/21,58
2022/08/22,100
2022/08/23,75
2022/08/24,157
2022/08/25,155
2022/08/26,216
2022/08/27,111
2022/08/28,57
2022/08/29,156
2022/08/30,179
2022/08/31,172
2022/09/01,134
2022/09/02,102
2022/09/03,34
2022/09/04,49
2022/09/05,102
2022/09/06,114
2022/09/07,125
2022/09/08,148
2022/09/09,66
2022/09/10,49
2022/09/11,34
2022/09/12,116
2022/09/13,129
2022/09/14,109
2022/09/15,147
2022/09/16,150
2022/09/17,91
2022/09/18,70
2022/09/19,73
2022/09/20,103
2022/09/21,83
2022/09/22,110
2022/09/23,90
2022/09/24,108
2022/09/25,64
2022/09/26,88
2022/09/27,102
2022/09/28,178
2022/09/29,155
2022/09/30,144
2022/10/01,141
2022/10/02,60
2022/10/03,116
2022/10/04,188
2022/10/05,177
2022/10/06,97
2022/10/07,141
2022/10/08,84
2022/10/09,60
2022/10/10,58
2022/10/11,80
2022/10/12,91
2022/10/13,125
2022/10/14,142
2022/10/15,96
2022/10/16,110
2022/10/17,102
2022/10/18,127
2022/10/19,140
2022/10/20,127
2022/10/21,194
2022/10/22,84
2022/10/23,89
2022/10/24,145
2022/10/25,161
2022/10/26,143
2022/10/27,136
2022/10/28,170
2022/10/29,59
2022/10/30,62
2022/10/31,142
2022/11/01,176
2022/11/02,182
2022/11/03,177
2022/11/04,180
2022/11/05,100
2022/11/06,45
2022/11/07,385
2022/11/08,418
2022/11/09,329
2022/11/10,235
2022/11/11,261
2022/11/12,111
2022/11/13,101
2022/11/14,205
2022/11/15,162
2022/11/16,148
2022/11/17,132
2022/11/18,223
2022/11/19,113
2022/11/20,83
2022/11/21,291
2022/11/22,1933
2022/11/23,1595
2022/11/24,870
2022/11/25,758
2022/11/26,382
2022/11/27,376
2022/11/28,378
2022/11/29,326
2022/11/30,246
2022/12/01,141
2022/12/02,185
2022/12/03,105
2022/12/04,117
2022/12/05,305
2022/12/06,166
2022/12/07,199
2022/12/08,129
2022/12/09,177
2022/12/10,61
2022/12/11,82
2022/12/12,153
2022/12/13,108
2022/12/14,142
2022/12/15,168
2022/12/16,80
2022/12/17,106
2022/12/18,48
2022/12/19,113
2022/12/20,183
2022/12/21,111
2022/12/22,104
2022/12/23,122
2022/12/24,46
2022/12/25,67
2022/12/26,83
2022/12/27,140
2022/12/28,170
2022/12/29,132
2022/12/30,121
2022/12/31,139
2023/01/01,78
2023/01/02,48
2023/01/03,96
2023/01/04,101
2023/01/05,134
2023/01/06,62
2023/01/07,68
2023/01/08,80
2023/01/09,90
2023/01/10,131
2023/01/11,106
2023/01/12,58
2023/01/13,96
2023/01/14,57
2023/01/15,58
2023/01/16,81
2023/01/17,97
2023/01/18,97
2023/01/19,116
2023/01/20,64
2023/01/21,22
2023/01/22,60
2023/01/23,23
2023/01/24,24
2023/01/25,23
2023/01/26,28
2023/01/27,26
2023/01/28,34
2023/01/29,38
2023/01/30,72
2023/01/31,58
2023/02/01,101
2023/02/02,121
2023/02/03,77
2023/02/04,87
2023/02/05,53
2023/02/06,54
2023/02/07,136
2023/02/08,141
2023/02/09,101
2023/02/10,76
2023/02/11,36
2023/02/12,37
2023/02/13,100
2023/02/14,80
2023/02/15,54
2023/02/16,118
2023/02/17,85
2023/02/18,57
2023/02/19,68
2023/02/20,75
2023/02/21,62
2023/02/22,88
2023/02/23,122
2023/02/24,160
2023/02/25,49
2023/02/26,52
2023/02/27,46
2023/02/28,30
2023/03/01,59
2023/03/02,79
2023/03/03,90
2023/03/04,45
2023/03/05,32
2023/03/06,99
2023/03/07,111
2023/03/08,171
2023/03/09,102
2023/03/10,146
2023/03/11,59
2023/03/12,60
2023/03/13,148
2023/03/14,111
2023/03/15,146
2023/03/16,114
2023/03/17,105
2023/03/18,94
2023/03/19,84
2023/03/20,141
2023/03/21,160
2023/03/22,108
2023/03/23,125
2023/03/24,125
2023/03/25,130
2023/03/26,74
2023/03/27,136
2023/03/28,151
2023/03/29,198
2023/03/30,217
2023/03/31,158
2023/04/01,100
2023/04/02,50
2023/04/03,77
2023/04/04,46
2023/04/05,42
2023/04/06,116
2023/04/07,93
2023/04/08,118
2023/04/09,60
2023/04/10,129
2023/04/11,105
2023/04/12,138
2023/04/13,252
2023/04/14,136
2023/04/15,61
2023/04/16,68
2023/04/17,158
2023/04/18,218
2023/04/19,216
2023/04/20,126
2023/04/21,212
2023/04/22,175
2023/04/23,103
2023/04/24,171
2023/04/25,122
2023/04/26,94
2023/04/27,122
2023/04/28,102
2023/04/29,79
2023/04/30,73
2023/05/01,72
2023/05/02,106
2023/05/03,124
2023/05/04,79
2023/05/05,79
2023/05/06,89
2023/05/07,47
2023/05/08,86
2023/05/09,107
2023/05/10,77
2023/05/11,128
2023/05/12,115
2023/05/13,97
2023/05/14,42
2023/05/15,184
2023/05/16,160
2023/05/17,157
2023/05/18,190
2023/05/19,120
2023/05/20,52
2023/05/21,54
2023/05/22,98
2023/05/23,115
2023/05/24,161
2023/05/25,107
2023/05/26,169
2023/05/27,109
2023/05/28,105
2023/05/29,177
2023/05/30,197
2023/05/31,164
2023/06/01,239
2023/06/02,193
2023/06/03,118
2023/06/04,97
2023/06/05,188
2023/06/06,189
2023/06/07,105
2023/06/08,217
2023/06/09,160
2023/06/10,133
2023/06/11,111
2023/06/12,233
2023/06/13,95
2023/06/14,144
2023/06/15,144
2023/06/16,150
2023/06/17,106
2023/06/18,130
2023/06/19,130
2023/06/20,142
2023/06/21,140
2023/06/22,102
2023/06/23,55
2023/06/24,59
2023/06/25,45
2023/06/26,151
2023/06/27,243
2023/06/28,203
2023/06/29,144
2023/06/30,153
